Date,GLD,IEF,QQQ,SPY,VXUS
2020-01-02,143.9499969482422,93.72172546386719,207.8722381591797,295.3917236328125,46.430747985839844
2020-01-03,145.86000061035156,94.34805297851562,205.9681854248047,293.1549072265625,45.8618049621582
2020-01-06,147.38999938964844,94.24650573730469,207.29525756835938,294.27337646484375,45.927764892578125
2020-01-07,147.97000122070312,94.11106872558594,207.26637268066406,293.4460144042969,45.845306396484375
2020-01-08,146.86000061035156,93.89099884033203,208.82427978515625,295.0099182128906,45.927764892578125
2020-01-09,146.02999877929688,93.95870971679688,210.59381103515625,297.01025390625,46.1338996887207
2020-01-10,146.91000366210938,94.161865234375,210.05523681640625,296.15545654296875,46.0761833190918
2020-01-13,145.82000732421875,94.05181121826172,212.47862243652344,298.1922302246094,46.4224967956543
2020-01-14,145.69000244140625,94.2380142211914,211.64193725585938,297.73760986328125,46.430747985839844
2020-01-15,146.5399932861328,94.47500610351562,211.728515625,298.4105224609375,46.30706024169922
2020-01-16,146.30999755859375,94.28034210205078,213.7576446533203,300.89288330078125,46.55442428588867
2020-01-17,146.5800018310547,94.20418548583984,214.8154296875,301.829345703125,46.70283508300781
2020-01-21,146.74000549316406,94.57656860351562,214.71926879882812,301.23834228515625,46.19161605834961
2020-01-22,146.7899932861328,94.593505859375,215.2866668701172,301.2747497558594,46.356529235839844
2020-01-23,147.1199951171875,94.83050537109375,215.97909545898438,301.6202697753906,46.17513656616211
2020-01-24,147.97999572753906,95.1690444946289,214.16152954101562,298.9379577636719,45.9112663269043
2020-01-27,148.99000549316406,95.81232452392578,209.73788452148438,294.1461486816406,44.905311584472656
2020-01-28,147.66000366210938,95.49072265625,212.95947265625,297.228515625,45.24338150024414
2020-01-29,148.4600067138672,95.94774627685547,213.3056182861328,296.9829406738281,45.26811599731445
2020-01-30,148.47000122070312,96.04086303710938,214.06536865234375,297.9468078613281,45.103214263916016
2020-01-31,149.3300018310547,96.52330017089844,210.67068481445312,292.5368347167969,44.361106872558594
2020-02-03,148.36000061035156,96.44107055664062,213.85377502441406,294.7098083496094,44.44356155395508
2020-02-04,146.42999267578125,95.88174438476562,218.74859619140625,299.2016906738281,45.226890563964844
2020-02-05,146.61000061035156,95.46642303466797,219.4698486328125,302.6567687988281,45.639156341552734
2020-02-06,147.39999389648438,95.53424072265625,221.3643341064453,303.6752014160156,45.746360778808594
2020-02-07,147.7899932861328,95.99187469482422,220.41226196289062,302.05670166015625,45.2928581237793
2020-02-10,148.1699981689453,96.1783676147461,223.0760955810547,304.3116455078125,45.3835563659668
2020-02-11,147.66000366210938,95.94954681396484,223.11460876464844,304.8389892578125,45.713375091552734
2020-02-12,147.5399932861328,95.7037353515625,225.2878875732422,306.802978515625,46.0432014465332
2020-02-13,148.3800048828125,95.78848266601562,224.99945068359375,306.4757080078125,45.68864059448242
2020-02-14,149.0,96.02581024169922,225.64373779296875,306.9666442871094,45.66389846801758
2020-02-18,150.91000366210938,96.1783676147461,225.73023986816406,306.1755676269531,45.3835563659668
2020-02-19,151.7899932861328,96.16143798828125,227.89402770996094,307.6395263671875,45.59793472290039
2020-02-20,152.41000366210938,96.44107055664062,225.7783660888672,306.375732421875,45.226890563964844
2020-02-21,154.6999969482422,96.83096313476562,221.4412841796875,303.2206115722656,44.987762451171875
2020-02-24,156.08999633789062,97.58528900146484,212.90171813964844,293.1640625,43.322166442871094
2020-02-25,153.3000030517578,97.85643768310547,207.11257934570312,284.2805480957031,42.72848129272461
2020-02-26,153.97000122070312,97.80564880371094,208.1799774169922,283.2350158691406,42.81093978881836
2020-02-27,154.0,98.28022766113281,197.75559997558594,270.51446533203125,41.590599060058594
2020-02-28,148.3800048828125,99.38204956054688,197.90945434570312,269.37786865234375,41.43394088745117
2020-03-02,149.1999969482422,99.31416320800781,208.12225341796875,281.0435485839844,41.8874397277832
2020-03-03,153.88999938964844,100.46819305419922,201.44837951660156,272.99664306640625,41.508140563964844
2020-03-04,154.16000366210938,100.24759674072266,209.85330200195312,284.47161865234375,42.58007049560547
2020-03-05,157.49000549316406,101.1385726928711,203.47747802734375,275.0152893066406,41.5576171875
2020-03-06,157.5500030517578,102.1652603149414,200.04434204101562,270.4689025878906,40.939208984375
2020-03-09,157.80999755859375,103.08174133300781,186.1483917236328,249.34681701660156,37.70694351196289
2020-03-10,154.47999572753906,101.189453125,196.28427124023438,262.2491149902344,39.16639709472656
2020-03-11,153.92999267578125,100.17965698242188,187.73509216308594,249.46493530273438,37.22043991088867
2020-03-12,147.7899932861328,100.2306137084961,170.5214385986328,225.5968780517578,33.22135925292969
2020-03-13,143.27999877929688,99.57720184326172,184.96556091308594,244.88230895996094,35.33222198486328
2020-03-16,141.63999938964844,102.20770263671875,162.80889892578125,218.0863800048828,31.39909553527832
2020-03-17,143.55999755859375,99.64510345458984,175.15663146972656,229.86131286621094,33.02345275878906
2020-03-18,140.6999969482422,98.261962890625,169.82904052734375,218.2227783203125,30.780675888061523
2020-03-19,138.0399932861328,98.58440399169922,170.84837341308594,218.68649291992188,31.126981735229492
2020-03-20,140.11000061035156,101.09613037109375,164.1551971435547,209.26234436035156,31.019794464111328
2020-03-23,146.3000030517578,102.29259490966797,164.27374267578125,203.91189575195312,30.38805389404297
2020-03-24,153.39999389648438,101.59675598144531,176.99473571777344,222.386962890625,32.93486022949219
2020-03-25,151.3000030517578,101.6561279296875,175.68409729003906,225.71612548828125,34.125572204589844
2020-03-26,153.24000549316406,101.90222930908203,184.93563842773438,238.8956756591797,35.465118408203125
2020-03-27,152.25,102.65745544433594,178.57521057128906,231.780029296875,34.24134063720703
2020-03-30,152.9199981689453,102.89503479003906,185.07061767578125,239.3072509765625,34.8780403137207
2020-03-31,148.0500030517578,103.08174133300781,183.49009704589844,235.74024963378906,34.69611740112305
2020-04-01,149.4499969482422,103.50138854980469,175.69371032714844,225.1307830810547,33.373111724853516
2020-04-02,151.89999389648438,103.51838684082031,179.25942993164062,230.32577514648438,34.142112731933594
2020-04-03,152.64999389648438,103.59485626220703,176.7151641845703,226.9966278076172,33.430992126464844
2020-04-06,156.8800048828125,103.12760925292969,189.34945678710938,242.24310302734375,35.14264678955078
2020-04-07,156.0399932861328,102.6688461303711,189.2723846435547,242.49008178710938,35.3824348449707
2020-04-08,154.64999389648438,102.54136657714844,193.29104614257812,250.63006591796875,35.72972869873047
2020-04-09,158.69000244140625,102.76228332519531,193.5704803466797,254.4440155029297,36.30029296875
2020-04-13,161.41000366210938,102.54136657714844,195.6617431640625,252.12094116210938,36.16797637939453
2020-04-14,162.67999267578125,102.6773452758789,204.17129516601562,259.5567321777344,36.8046875
2020-04-15,161.85000610351562,103.59485626220703,201.82948303222656,254.04156494140625,35.771080017089844
2020-04-16,161.7100067138672,103.70526885986328,205.51084899902344,255.2671356201172,35.77934265136719
2020-04-17,158.57000732421875,103.43342590332031,207.47682189941406,262.1632385253906,36.713722229003906
2020-04-20,159.6999969482422,103.70526885986328,205.01939392089844,257.5445251464844,36.18451690673828
2020-04-21,158.61000061035156,103.99413299560547,197.45425415039062,249.72459411621094,35.407249450683594
2020-04-22,161.72999572753906,103.67131805419922,203.31362915039062,255.2671356201172,36.12663650512695
2020-04-23,163.33999633789062,103.7392578125,202.87991333007812,255.2488250732422,36.043949127197266
2020-04-24,162.63999938964844,103.7647705078125,206.0794219970703,258.8067321777344,36.341636657714844
2020-04-27,161.55999755859375,103.21253967285156,207.73704528808594,262.5382080078125,36.85430145263672
2020-04-28,160.83999633789062,103.662841796875,203.8243865966797,261.3310241699219,37.118900299072266
2020-04-29,161.72999572753906,103.61187744140625,211.05218505859375,268.1723327636719,38.094635009765625
2020-04-30,158.8000030517578,103.36549377441406,210.96543884277344,265.6754455566406,37.33389663696289
2020-05-01,159.77999877929688,103.50834655761719,205.01939392089844,258.6419982910156,36.43259811401367
2020-05-04,160.33999633789062,103.52535247802734,207.40936279296875,259.3554992675781,36.49047088623047
2020-05-05,161.02000427246094,103.44884490966797,209.76084899902344,261.7516784667969,36.622764587402344
2020-05-06,158.9499969482422,103.0661392211914,211.05218505859375,259.9774169921875,36.473934173583984
2020-05-07,161.38999938964844,103.69540405273438,213.7698516845703,263.1144104003906,36.92045211791992
2020-05-08,160.4199981689453,103.35525512695312,216.6995086669922,267.46807861328125,37.5323486328125
2020-05-11,159.4199981689453,103.0661392211914,218.63658142089844,267.5227966308594,37.499267578125
2020-05-12,160.0399932861328,103.40628814697266,214.0588836669922,262.1907043457031,37.118900299072266
2020-05-13,161.5800018310547,103.6188735961914,211.37979125976562,257.5537414550781,36.846031188964844
2020-05-14,163.00999450683594,103.780517578125,213.77944946289062,260.6358947753906,36.68892288208008
2020-05-15,163.92999267578125,103.71245574951172,215.16722106933594,261.833984375,36.56488800048828
2020-05-18,162.69000244140625,103.0745849609375,219.17620849609375,269.80950927734375,37.98712921142578
2020-05-19,164.25999450683594,103.36376190185547,218.62692260742188,267.0381774902344,37.59850311279297
2020-05-20,164.64999389648438,103.3892593383789,222.99253845214844,271.5745849609375,38.23521041870117
2020-05-21,162.25,103.4572982788086,220.56399536132812,269.6996765136719,37.854827880859375
2020-05-22,163.2100067138672,103.65290069580078,221.32528686523438,270.2119140625,37.58195877075195
2020-05-26,160.88999938964844,103.38081359863281,220.72779846191406,273.541015625,38.623836517333984
2020-05-27,161.17999267578125,103.46582794189453,221.93247985839844,277.611083984375,38.979393005371094
2020-05-28,161.72000122070312,103.37230682373047,221.64334106445312,277.09881591796875,39.15302658081055
2020-05-29,162.91000366210938,103.7039566040039,224.89105224609375,278.3336181640625,39.20265197753906
2020-06-01,163.66000366210938,103.66310119628906,225.56564331054688,279.45849609375,40.04607391357422
2020-06-02,162.60000610351562,103.4927978515625,227.07867431640625,281.7725524902344,40.64143753051758
2020-06-03,159.60000610351562,102.87989807128906,228.1001739501953,285.5223388671875,41.5179328918457
2020-06-04,161.27999877929688,102.47126007080078,226.50047302246094,284.77239990234375,41.228519439697266
2020-06-05,158.00999450683594,101.96047973632812,230.9913330078125,292.0709228515625,42.03059768676758
2020-06-08,159.72000122070312,102.07113647460938,232.78382873535156,295.60137939453125,42.518455505371094
2020-06-09,161.25999450683594,102.4372329711914,234.47030639648438,293.3971862792969,42.05541229248047
2020-06-10,163.57000732421875,103.20338439941406,237.28433227539062,291.76007080078125,42.005802154541016
2020-06-11,162.38999938964844,103.56945037841797,225.52708435058594,274.9403381347656,39.74013137817383
2020-06-12,162.6199951171875,103.33960723876953,227.31959533691406,278.23291015625,40.50912857055664
2020-06-15,162.3300018310547,103.25444030761719,230.08543395996094,280.83050537109375,40.550479888916016
2020-06-16,162.25,103.04165649414062,234.03665161132812,286.2357177734375,41.01353454589844
2020-06-17,162.55999755859375,103.20338439941406,234.77870178222656,285.04681396484375,41.12102508544922
2020-06-18,162.24000549316406,103.43325805664062,235.41476440429688,285.156494140625,41.03006362915039
2020-06-19,164.02999877929688,103.46728515625,235.3761749267578,283.5268859863281,40.86469268798828
2020-06-22,165.08999633789062,103.3736572265625,238.19900512695312,285.3457946777344,41.38996505737305
2020-06-23,166.47999572753906,103.33960723876953,240.2262725830078,286.6594543457031,41.63930130004883
2020-06-24,165.89999389648438,103.53540802001953,235.2738800048828,279.34716796875,40.74169158935547
2020-06-25,165.8000030517578,103.55242919921875,237.51353454589844,282.3417663574219,41.15724563598633
2020-06-26,166.5399932861328,103.83332824707031,231.9046630859375,275.63592529296875,40.61701965332031
2020-06-29,166.6300048828125,103.93548583984375,234.43399047851562,279.6869201660156,40.94114685058594
2020-06-30,167.3699951171875,103.74821472167969,239.02920532226562,283.2696838378906,40.866355895996094
2020-07-01,166.6199951171875,103.58629608154297,241.8191680908203,285.2539367675781,41.07413101196289
2020-07-02,166.97999572753906,103.71414184570312,243.46029663085938,286.8247985839844,41.68085479736328
2020-07-06,167.97999572753906,103.56076049804688,249.44569396972656,291.2526550292969,42.61171340942383
2020-07-07,169.0399932861328,103.89302825927734,247.72731018066406,288.2486267089844,42.02162170410156
2020-07-08,170.08999633789062,103.73120880126953,250.99032592773438,290.4533386230469,42.56184768676758
2020-07-09,169.6300048828125,104.06349182128906,253.10452270507812,288.7998352050781,42.18783950805664
2020-07-10,169.19000244140625,103.85899353027344,254.83253479003906,291.74853515625,42.4039421081543
2020-07-13,169.39999389648438,103.96977996826172,249.59046936035156,289.2223815917969,42.129661560058594
2020-07-14,170.19000244140625,103.96124267578125,251.357177734375,292.970458984375,42.60340118408203
2020-07-15,170.33999633789062,103.9271469116211,251.86878967285156,295.66204833984375,42.9774169921875
2020-07-16,168.72999572753906,104.00383758544922,250.15048217773438,294.688232421875,42.595088958740234
2020-07-17,170.1199951171875,103.97828674316406,250.44000244140625,295.54266357421875,42.836124420166016
2020-07-20,170.94000244140625,104.04641723632812,257.5452880859375,297.9310607910156,43.127010345458984
2020-07-21,173.0,104.1572036743164,254.8615264892578,298.5649108886719,43.368045806884766
2020-07-22,175.6300048828125,104.19129943847656,255.75933837890625,300.2643737792969,43.384666442871094
2020-07-23,177.17999267578125,104.29356384277344,249.078857421875,296.68170166015625,43.052215576171875
2020-07-24,178.6999969482422,104.24241638183594,246.71365356445312,294.77099609375,42.89430236816406
2020-07-27,182.22999572753906,104.08048248291016,251.11582946777344,296.9205627441406,43.50933074951172
2020-07-28,183.75,104.32762908935547,247.92034912109375,295.03741455078125,43.20181655883789
2020-07-29,185.1300048828125,104.4639663696289,250.7779541015625,298.6659851074219,43.75035095214844
2020-07-30,183.75999450683594,104.60881042480469,252.09085083007812,297.6003723144531,43.20181655883789
2020-07-31,185.42999267578125,104.63438415527344,256.5894775390625,299.9520263671875,42.56184768676758
2020-08-03,185.63999938964844,104.58319091796875,260.0553283691406,302.037353515625,43.176883697509766
2020-08-04,189.58999633789062,104.94135284423828,261.02069091796875,303.20404052734375,43.50933074951172
2020-08-05,191.35000610351562,104.59173583984375,261.66741943359375,305.0872497558594,43.76698303222656
2020-08-06,193.88999938964844,104.71114349365234,265.13323974609375,307.1266174316406,43.899959564208984
2020-08-07,190.80999755859375,104.48942565917969,262.0729064941406,307.3469543457031,43.50933074951172
2020-08-10,190.14999389648438,104.37855529785156,260.9530944824219,308.26568603515625,43.642311096191406
2020-08-11,179.94000244140625,104.02037811279297,256.01025390625,305.7210388183594,43.74203872680664
2020-08-12,179.10000610351562,103.71339416503906,262.4493713378906,309.98358154296875,44.539920806884766
2020-08-13,183.3300018310547,103.50021362304688,263.0479431152344,309.42303466796875,44.34876251220703
2020-08-14,182.5399932861328,103.55138397216797,262.7390441894531,309.4322509765625,44.132667541503906
2020-08-17,186.5,103.72191619873047,265.7896728515625,310.415283203125,44.5482292175293
2020-08-18,188.17999267578125,103.90099334716797,268.3479919433594,311.0859680175781,44.531612396240234
2020-08-19,182.24000549316406,103.76453399658203,266.5427551269531,309.7906188964844,44.257347106933594
2020-08-20,183.5,104.06305694580078,270.2401123046875,310.75518798828125,44.1409797668457
2020-08-21,182.02999877929688,104.13975524902344,272.1129150390625,311.8575439453125,44.04125213623047
2020-08-24,181.0,103.99481201171875,273.81207275390625,315.0176086425781,44.5482292175293
2020-08-25,181.22000122070312,103.74749755859375,275.9647521972656,316.1200256347656,44.71445083618164
2020-08-26,183.36000061035156,103.70484161376953,281.85369873046875,319.28924560546875,44.94717788696289
2020-08-27,181.24000549316406,103.33815002441406,280.97515869140625,319.9873962402344,44.556549072265625
2020-08-28,184.38999938964844,103.5086898803711,282.40386962890625,322.05438232421875,44.96380615234375
2020-08-31,184.8300018310547,103.61958312988281,284.6725769042969,320.88763427734375,44.4484977722168
2020-09-01,185.0500030517578,103.95921325683594,289.5381774902344,323.90997314453125,44.71445083618164
2020-09-02,182.6199951171875,104.10429382324219,292.27978515625,328.59503173828125,45.088462829589844
2020-09-03,181.13999938964844,104.24083709716797,277.46112060546875,317.2865905761719,44.10774612426758
2020-09-04,181.63999938964844,103.66056060791016,273.7637634277344,314.6960754394531,44.19915771484375
2020-09-08,181.2899932861328,103.88238525390625,260.6054382324219,306.09771728515625,43.56751251220703
2020-09-09,183.0500030517578,103.8311996459961,268.2610168457031,312.1423645019531,44.307212829589844
2020-09-10,182.4600067138672,103.95921325683594,262.9128112792969,306.7224426269531,43.7586669921875
2020-09-11,182.4499969482422,104.12135314941406,261.0882263183594,306.8785400390625,44.16591262817383
2020-09-14,183.88999938964844,104.02750396728516,265.63519287109375,310.9205627441406,44.5482292175293
2020-09-15,183.4499969482422,103.97628021240234,269.400146484375,312.49139404296875,44.85574722290039
2020-09-16,183.97000122070312,103.91649627685547,265.1042175292969,311.251220703125,44.78925323486328
2020-09-17,182.9600067138672,103.95067596435547,260.9627685546875,308.51373291015625,44.772640228271484
2020-09-18,183.1999969482422,103.85679626464844,257.6321716308594,304.9618225097656,44.440189361572266
2020-09-21,179.52000427246094,104.04456329345703,258.2499694824219,301.56787109375,43.59456253051758
2020-09-22,178.64999389648438,104.04456329345703,263.0479431152344,304.63909912109375,43.510921478271484
2020-09-23,174.7899932861328,104.04456329345703,255.01600646972656,297.5741271972656,42.983978271484375
2020-09-24,175.44000244140625,104.09574890136719,256.2033386230469,298.3673400878906,42.908687591552734
2020-09-25,174.94000244140625,104.18112182617188,262.1598205566406,303.1910400390625,43.06760787963867
2020-09-28,176.6999969482422,104.16401672363281,267.60455322265625,308.2268981933594,43.653114318847656
2020-09-29,178.19000244140625,104.24083709716797,266.3977966308594,306.5482482910156,43.59456253051758
2020-09-30,177.1199951171875,103.95921325683594,268.222412109375,308.8725280761719,43.636383056640625
2020-10-01,178.6999969482422,104.01812744140625,272.47979736328125,310.8554382324219,43.987674713134766
2020-10-02,178.5399932861328,103.91568756103516,264.8145446777344,307.90411376953125,43.795310974121094
2020-10-05,179.41000366210938,103.25811004638672,270.4621276855469,313.3641357421875,44.439353942871094
2020-10-06,177.3000030517578,103.49723052978516,265.63519287109375,308.909423828125,44.12150955200195
2020-10-07,177.22000122070312,103.1983642578125,270.23046875,314.2864990234375,44.56482696533203
2020-10-08,177.85000610351562,103.38623046875,271.66888427734375,317.0718078613281,44.87429428100586
2020-10-09,181.0800018310547,103.33499908447266,275.820068359375,319.90338134765625,45.18378829956055
2020-10-12,180.55999755859375,103.4460220336914,284.3346862792969,325.04974365234375,45.4514274597168
2020-10-13,177.72000122070312,103.67656707763672,284.3250427246094,322.928466796875,45.058311462402344
2020-10-14,178.27000427246094,103.710693359375,281.9501647949219,320.89935302734375,44.90774917602539
2020-10-15,178.9199981689453,103.59970092773438,280.0579833984375,320.50286865234375,44.439353942871094
2020-10-16,178.3000030517578,103.53992462158203,278.5231018066406,320.3092041015625,44.62336349487305
2020-10-19,178.38999938964844,103.369140625,273.97607421875,315.4393005371094,44.422630310058594
2020-10-20,179.25,103.14714050292969,274.56494140625,316.7029724121094,44.7572021484375
2020-10-21,180.60000610351562,103.01050567626953,274.3525695800781,316.1033935546875,44.63173294067383
2020-10-22,178.8300018310547,102.65182495117188,274.3429260253906,317.8372497558594,44.640098571777344
2020-10-23,178.63999938964844,102.79704284667969,274.8835754394531,318.9163818359375,44.89101791381836
2020-10-26,178.5500030517578,103.07024383544922,270.7614440917969,313.0229187011719,44.138240814208984
2020-10-27,179.02000427246094,103.30081176757812,272.8756103515625,311.9437561035156,43.97932434082031
2020-10-28,176.1300048828125,103.29229736328125,262.2372131347656,301.2818908691406,42.72468185424805
2020-10-29,175.39999389648438,102.85675811767578,266.8226013183594,304.3439025878906,42.983978271484375
2020-10-30,176.1999969482422,102.52375030517578,260.0553283691406,301.1712646484375,42.63267517089844
2020-11-02,177.91000366210938,102.69973754882812,260.6344909667969,304.5468444824219,43.22653579711914
2020-11-03,178.9199981689453,102.46904754638672,265.142822265625,309.9239196777344,44.062965393066406
2020-11-04,178.82000732421875,103.33209991455078,276.97845458984375,316.8504943847656,44.74882888793945
2020-11-05,182.92999267578125,103.31500244140625,284.1995544433594,323.0299377441406,45.719085693359375
2020-11-06,183.19000244140625,102.96465301513672,284.4119873046875,322.9562072753906,45.86127853393555
2020-11-09,175.0800018310547,102.20419311523438,278.6002197265625,327.0143127441406,46.82316970825195
2020-11-10,175.66000366210938,101.91362762451172,273.6092224121094,326.53472900390625,46.973724365234375
2020-11-11,174.89999389648438,102.0760269165039,279.7298583984375,328.9603271484375,47.299930572509766
2020-11-12,175.9600067138672,102.65705108642578,278.41680908203125,325.76922607421875,46.66424560546875
2020-11-13,177.16000366210938,102.52033233642578,280.8592834472656,330.2793273925781,47.31666564941406
2020-11-16,177.14999389648438,102.44343566894531,283.05072021484375,334.4020080566406,47.91053009033203
2020-11-17,176.5,102.70832061767578,282.15289306640625,332.6035461425781,47.91053009033203
2020-11-18,175.49000549316406,102.67411041259766,280.0677795410156,328.6006774902344,47.68470001220703
2020-11-19,175.16000366210938,102.78519439697266,282.2591552734375,329.9841003417969,47.9607048034668
2020-11-20,175.69000244140625,102.96465301513672,280.32830810546875,327.7244567871094,48.11126708984375
2020-11-23,172.22999572753906,102.75957489013672,280.3380126953125,329.6890869140625,48.17818832397461
2020-11-24,169.58999633789062,102.59722137451172,284.2767639160156,335.0014953613281,48.8891487121582
2020-11-25,169.50999450683594,102.63140869140625,286.0241394042969,334.4850769042969,48.72185516357422
2020-11-27,167.7899932861328,102.93903350830078,288.6595458984375,335.4165954589844,49.08152770996094
2020-11-30,166.6699981689453,102.87068176269531,289.24847412109375,333.9316101074219,48.010894775390625
2020-12-01,170.17999267578125,102.32344818115234,292.95556640625,337.583984375,49.0982551574707
2020-12-02,171.4600067138672,102.15241241455078,293.33209228515625,338.29412841796875,49.1317138671875
2020-12-03,172.80999755859375,102.42605590820312,293.7471923828125,338.201904296875,49.35753631591797
2020-12-04,172.32000732421875,102.02417755126953,294.9442138671875,341.11639404296875,49.80921936035156
2020-12-07,174.88999938964844,102.34053039550781,296.61431884765625,340.41546630859375,49.558292388916016
2020-12-08,175.5,102.44313049316406,297.618408203125,341.41162109375,49.68374252319336
2020-12-09,172.5,102.29780578613281,290.8800048828125,338.3495788574219,49.62519836425781
2020-12-10,172.1699981689453,102.52864074707031,292.04803466796875,338.23876953125,49.842681884765625
2020-12-11,172.49000549316406,102.73385620117188,291.4013977050781,337.8421936035156,49.600101470947266
2020-12-14,171.5399932861328,102.67398071289062,293.5155029296875,336.3296203613281,49.60847473144531
2020-12-15,173.94000244140625,102.57138061523438,296.65301513671875,340.8766174316406,50.1437873840332
2020-12-16,174.89999389648438,102.48590850830078,298.2845153808594,341.41162109375,50.26924133300781
2020-12-17,176.74000549316406,102.41142272949219,300.2346496582031,343.32073974609375,50.620548248291016
2020-12-18,176.44000244140625,102.32587432861328,299.3271789550781,341.9499206542969,50.41980743408203
2020-12-21,175.8800048828125,102.39434814453125,298.7671203613281,340.7272644042969,49.79473114013672
2020-12-22,174.49000549316406,102.56544494628906,299.5795593261719,340.1529846191406,49.6511344909668
2020-12-23,175.64999389648438,102.35155487060547,298.0707092285156,340.458740234375,50.11571502685547
2020-12-24,176.35000610351562,102.49700164794922,299.3861389160156,341.783203125,50.14105987548828
2020-12-28,175.7100067138672,102.50556945800781,302.4035949707031,344.71942138671875,50.44514465332031
2020-12-29,176.35000610351562,102.48847198486328,302.6743469238281,344.061767578125,50.86750411987305
2020-12-30,177.6999969482422,102.55690002441406,302.68408203125,344.552734375,51.146240234375
2020-12-31,178.36000061035156,102.6253433227539,303.42877197265625,346.3033142089844,50.816802978515625
2021-01-04,182.3300018310547,102.65103149414062,299.1443176269531,341.5887145996094,51.12089920043945
2021-01-05,182.8699951171875,102.41142272949219,301.6105041503906,343.94134521484375,51.86423873901367
2021-01-06,179.89999389648438,101.81257629394531,297.4324645996094,345.9975891113281,52.14297866821289
2021-01-07,179.47999572753906,101.45323181152344,304.6280212402344,351.13824462890625,52.36260223388672
2021-01-08,173.33999633789062,101.16234588623047,308.5448303222656,353.13897705078125,53.029903411865234
2021-01-11,173.0,100.96553802490234,304.08636474609375,350.75848388671875,52.328826904296875
2021-01-12,174.1199951171875,100.94841766357422,303.60284423828125,350.8326110839844,52.59912109375
2021-01-13,173.3699951171875,101.29924774169922,305.6531677246094,351.77740478515625,52.59067153930664
2021-01-14,173.27999877929688,101.06818389892578,304.0186767578125,350.5455017089844,53.05525207519531
2021-01-15,171.1300048828125,101.34200286865234,301.6105041503906,347.989013671875,52.24434280395508
2021-01-19,172.5800018310547,101.40187072753906,306.010986328125,350.7214050292969,52.76805877685547
2021-01-20,175.38999938964844,101.44470977783203,313.1291198730469,355.5749206542969,53.34244918823242
2021-01-21,175.27999877929688,101.29924774169922,315.6339416503906,355.89910888671875,53.4100227355957
2021-01-22,173.89999389648438,101.45323181152344,314.724853515625,354.6393737792969,53.04679870605469
2021-01-25,174.0500030517578,101.86390686035156,317.326416015625,356.03802490234375,53.122833251953125
2021-01-26,173.6199951171875,101.8297119140625,317.7906494140625,355.4823303222656,53.0214729309082
2021-01-27,172.52000427246094,101.94947052001953,308.931640625,346.7941589355469,51.7882080078125
2021-01-28,172.67999267578125,101.6842041015625,310.7596130371094,349.77667236328125,52.15142822265625
2021-01-29,172.61000061035156,101.50456237792969,304.2218017578125,342.7744140625,50.943511962890625
2021-02-01,174.22999572753906,101.63128662109375,311.8233947753906,348.47998046875,51.86423873901367
2021-02-02,172.11000061035156,101.37442779541016,316.9105224609375,353.4075622558594,52.48930358886719
2021-02-03,171.85000610351562,101.12616729736328,315.6533203125,353.68536376953125,52.683570861816406
2021-02-04,168.14999389648438,101.0919189453125,319.3863830566406,357.7053527832031,52.7342643737793
2021-02-05,169.80999755859375,100.87787628173828,320.4696350097656,359.1131896972656,53.09748458862305
2021-02-08,171.52000427246094,100.92068481445312,322.61663818359375,361.7066345214844,53.42691421508789
2021-02-09,172.0800018310547,100.99774169921875,322.5489501953125,361.46588134765625,53.790130615234375
2021-02-10,172.7100067138672,101.25456237792969,321.81396484375,361.3084411621094,53.72256851196289
2021-02-11,171.2100067138672,101.17752075195312,323.5837707519531,361.891845703125,54.12801742553711
2021-02-12,170.69000244140625,100.84366607666016,325.3924255371094,363.6795654296875,54.38986587524414
2021-02-16,168.24000549316406,100.11595916748047,324.51226806640625,363.36468505859375,54.63483810424805
2021-02-17,166.3300018310547,100.1844253540039,322.95513916015625,363.44805908203125,54.3983154296875
2021-02-18,166.32000732421875,100.17582702636719,321.54315185546875,361.9012145996094,53.94218444824219
2021-02-19,167.00999450683594,99.77347564697266,320.1408386230469,361.2620544433594,54.246273040771484
2021-02-22,169.50999450683594,99.61080932617188,311.8427734375,358.4832763671875,53.67188262939453
2021-02-23,169.1199951171875,99.68787384033203,310.91436767578125,358.9186706542969,53.80702590942383
2021-02-24,169.0,99.55089569091797,313.47723388671875,362.873779296875,53.82393264770508
2021-02-25,165.82000732421875,98.22388458251953,302.5486145019531,354.12994384765625,52.85253143310547
2021-02-26,161.80999755859375,99.10568237304688,303.81561279296875,352.3052978515625,52.117645263671875
2021-03-01,161.52999877929688,98.99431610107422,312.955078125,360.8452453613281,53.25798416137695
2021-03-02,162.41000366210938,99.17423248291016,307.93548583984375,358.0295104980469,53.04679870605469
2021-03-03,160.6199951171875,98.64310455322266,298.999267578125,353.28704833984375,52.79339599609375
2021-03-04,159.0399932861328,98.15483093261719,294.1055603027344,348.915283203125,52.117645263671875
2021-03-05,159.13999938964844,98.01776885986328,298.5350341796875,355.33416748046875,52.50619888305664
2021-03-08,157.49000549316406,97.63225555419922,290.082275390625,353.56500244140625,51.95714569091797
2021-03-09,160.83999633789062,98.09485626220703,301.52349853515625,358.6130065917969,52.759605407714844
2021-03-10,161.66000366210938,98.3004379272461,300.6627502441406,360.8452453613281,52.9032096862793
2021-03-11,161.52000427246094,98.26615905761719,307.58734130859375,364.5038146972656,53.646549224853516
2021-03-12,161.49000549316406,97.55516052246094,305.0921630859375,364.9947814941406,53.477603912353516
2021-03-15,162.1999969482422,97.67505645751953,308.35137939453125,367.17156982421875,53.58740997314453
2021-03-16,162.35000610351562,97.65792846679688,310.0439147949219,366.7083435058594,53.71411895751953
2021-03-17,163.50999450683594,97.49518585205078,311.3205261230469,367.95880126953125,53.933738708496094
2021-03-18,162.55999755859375,96.8869857788086,301.7845764160156,362.6050720214844,53.30021286010742
2021-03-19,163.24000549316406,96.82698822021484,302.8484802246094,361.93426513671875,53.57051467895508
2021-03-22,163.0,97.1439437866211,308.5278625488281,364.8241882324219,53.566280364990234
2021-03-23,161.80999755859375,97.62364959716797,307.18182373046875,361.9527893066406,52.75339126586914
2021-03-24,162.3699951171875,97.75213623046875,302.0010681152344,360.1128845214844,52.18605041503906
2021-03-25,161.77999877929688,97.62364959716797,301.4781188964844,362.1386413574219,52.524757385253906
2021-03-26,162.24000549316406,97.29814147949219,306.0004577636719,367.9745178222656,53.388465881347656
2021-03-29,160.30999755859375,96.96407318115234,305.9132385253906,367.7886657714844,53.09209442138672
2021-03-30,157.57000732421875,96.87836456298828,304.3736572265625,366.8128662109375,53.10903549194336
2021-03-31,159.9600067138672,96.7413330078125,309.0313720703125,368.2997131347656,53.09209442138672
2021-04-01,161.97999572753906,97.169921875,314.29925537109375,372.27703857421875,53.81183624267578
2021-04-05,161.9199981689453,96.89558410644531,320.57415771484375,377.620361328125,54.404579162597656
2021-04-06,163.22000122070312,97.3670654296875,320.3515319824219,377.39739990234375,54.091278076171875
2021-04-07,162.75999450683594,97.30707550048828,321.12615966796875,377.8340148925781,53.96426010131836
2021-04-08,164.50999450683594,97.6413803100586,324.47662353515625,379.62762451171875,54.30297088623047
2021-04-09,163.27000427246094,97.38419342041016,326.4423828125,382.3875732421875,54.294498443603516
2021-04-12,162.27999877929688,97.32421112060547,326.016357421875,382.5268859863281,53.97273635864258
2021-04-13,163.42999267578125,97.72711944580078,329.8220520019531,383.66058349609375,54.28602981567383
2021-04-14,162.72000122070312,97.60709381103516,325.8614807128906,382.3504638671875,54.42998504638672
2021-04-15,165.35000610351562,98.2328109741211,330.8000183105469,386.4577331542969,54.802555084228516
2021-04-16,166.35000610351562,97.96709442138672,331.1873474121094,387.74951171875,55.16667556762695
2021-04-19,165.88999938964844,97.86418151855469,328.1564025878906,385.8443908691406,54.997314453125
2021-04-20,166.47999572753906,98.15570068359375,325.7646179199219,383.0194396972656,54.2352294921875
2021-04-21,168.1300048828125,98.20709228515625,328.55340576171875,386.64361572265625,54.75175476074219
2021-04-22,167.0399932861328,98.28427124023438,324.5929260253906,383.1123962402344,54.523128509521484
2021-04-23,166.39999389648438,98.15570068359375,328.679443359375,387.2662048339844,55.14126205444336
2021-04-26,166.83999633789062,98.05281066894531,330.81939697265625,388.07470703125,55.20899963378906
2021-04-27,166.4199981689453,97.66706848144531,329.38623046875,387.99102783203125,55.124324798583984
2021-04-28,166.91000366210938,97.795654296875,328.2725830078125,387.8795471191406,55.352962493896484
2021-04-29,166.22000122070312,97.62419891357422,329.4540100097656,390.3514404296875,55.34449768066406
2021-04-30,165.66000366210938,97.70993041992188,327.2945251464844,387.7865905761719,54.56545639038086
2021-05-03,167.80999755859375,97.8763198852539,325.5515441894531,388.6230163574219,55.031185150146484
2021-05-04,166.5800018310547,98.00502014160156,319.6930236816406,386.2254333496094,54.31990432739258
2021-05-05,167.27000427246094,98.12510681152344,318.6181640625,386.3462219238281,54.878761291503906
2021-05-06,170.05999755859375,98.16797637939453,321.0196228027344,389.4314270019531,55.30214309692383
2021-05-07,171.58999633789062,98.2022933959961,323.6245422363281,392.2657775878906,55.95414733886719
2021-05-10,172.11000061035156,98.00502014160156,315.45166015625,388.3813781738281,55.49690628051758
2021-05-11,172.13999938964844,97.842041015625,315.015869140625,384.91510009765625,54.89570236206055
2021-05-12,170.42999267578125,97.37027740478516,306.8623352050781,376.73760986328125,53.820308685302734
2021-05-13,171.1300048828125,97.69622802734375,309.2347412109375,381.2630920410156,54.10821533203125
2021-05-14,172.69000244140625,97.91068267822266,316.0616455078125,387.11749267578125,55.01425552368164
2021-05-17,174.6999969482422,97.8163070678711,314.144287109375,386.13250732421875,54.9295654296875
2021-05-18,175.0399932861328,97.8163070678711,312.0236511230469,382.8057556152344,55.25981521606445
2021-05-19,175.16000366210938,97.524658203125,312.3818359375,381.8020935058594,54.870304107666016
2021-05-20,175.9600067138672,97.92778778076172,318.4244689941406,385.90948486328125,55.46303939819336
2021-05-21,176.0399932861328,97.96208953857422,316.6620178222656,385.59356689453125,55.31061935424805
2021-05-24,176.35000610351562,98.05645751953125,321.9879455566406,389.52435302734375,55.70859146118164
2021-05-25,177.9499969482422,98.41670227050781,322.4333801269531,388.66009521484375,55.86101531982422
2021-05-26,177.63999938964844,98.30520629882812,323.5567321777344,389.4314270019531,55.98802947998047
2021-05-27,177.7100067138672,98.13367462158203,322.3463439941406,389.6358642578125,56.11503982543945
2021-05-28,178.3800048828125,98.12510681152344,323.363037109375,390.3327941894531,56.2420539855957
2021-06-01,177.89999389648438,98.10709381103516,322.28826904296875,389.9891052246094,56.7755241394043
2021-06-02,178.77000427246094,98.2186508178711,322.9176330566406,390.602294921875,56.902530670166016
2021-06-03,175.27000427246094,97.9697265625,319.557373046875,389.1526794433594,56.47068405151367
2021-06-04,177.16000366210938,98.51048278808594,324.98016357421875,392.71173095703125,57.012611389160156
2021-06-07,177.8699951171875,98.43323516845703,325.9485778808594,392.3308410644531,57.05495834350586
2021-06-08,177.32000732421875,98.7164535522461,326.1035461425781,392.4144592285156,56.961795806884766
2021-06-09,176.97999572753906,99.02548217773438,326.18096923828125,391.8289794921875,56.76704406738281
2021-06-10,177.74000549316406,99.37739562988281,329.579833984375,393.65032958984375,57.02107238769531
2021-06-11,175.74000549316406,99.23148345947266,330.4417724609375,394.3008728027344,57.08882522583008
2021-06-14,174.7100067138672,98.92249298095703,333.60821533203125,395.1837463378906,57.156558990478516
2021-06-15,174.0500030517578,98.93963623046875,331.4295349121094,394.4588928222656,57.10574722290039
2021-06-16,171.11000061035156,98.2615737915039,330.2189636230469,392.2564697265625,56.6146354675293
2021-06-17,165.85000610351562,98.61348724365234,334.4119873046875,392.1263732910156,56.35213851928711
2021-06-18,164.92999267578125,99.17140197753906,331.78778076171875,386.8363342285156,55.454566955566406
2021-06-21,166.9499969482422,98.85381317138672,333.84979248046875,392.3742980957031,56.09894943237305
2021-06-22,166.25,99.0340347290039,336.9619140625,394.4720764160156,56.090415954589844
2021-06-23,166.13999938964844,98.83663177490234,337.1266784667969,393.99658203125,55.91971206665039
2021-06-24,166.0399932861328,98.8194580078125,339.2110290527344,396.3274230957031,56.42326354980469
2021-06-25,166.58999633789062,98.61348724365234,338.79412841796875,397.735107421875,56.6793098449707
2021-06-28,166.5800018310547,98.92249298095703,342.9144287109375,398.53692626953125,56.448856353759766
2021-06-29,164.8300018310547,98.9739761352539,344.1553649902344,398.7513732910156,56.43179702758789
2021-06-30,165.6300048828125,99.12847900390625,343.6125183105469,399.0870056152344,56.0562629699707
2021-07-01,166.1999969482422,99.05717468261719,343.7481689453125,401.2966613769531,56.10746765136719
2021-07-02,167.2899932861328,99.41790008544922,347.6940612792969,404.3638916015625,56.184288024902344
2021-07-06,168.1199951171875,99.94187927246094,349.19671630859375,403.62738037109375,55.72341537475586
2021-07-07,168.75999450683594,100.23387145996094,349.93353271484375,405.0538635253906,55.90264892578125
2021-07-08,168.64999389648438,100.49156188964844,347.820068359375,401.75347900390625,55.049163818359375
2021-07-09,169.2100067138672,99.9847640991211,349.99163818359375,406.04205322265625,55.99653244018555
2021-07-12,169.0,99.93324279785156,351.35858154296875,407.4964294433594,56.11602020263672
2021-07-13,169.22000122070312,99.6240463256836,351.35858154296875,406.1072998046875,55.9538459777832
2021-07-14,171.0399932861328,100.05351257324219,351.98876953125,406.71337890625,56.047733306884766
2021-07-15,171.07000732421875,100.47437286376953,349.5165100097656,405.32421875,55.7575569152832
2021-07-16,169.41000366210938,100.4571762084961,346.6856384277344,402.1449890136719,55.3308219909668
2021-07-19,169.61000061035156,101.31610870361328,343.8452453613281,396.20611572265625,54.39198684692383
2021-07-20,169.38999938964844,101.18726348876953,347.8393859863281,401.8839416503906,54.70777130126953
2021-07-21,168.75999450683594,100.60319519042969,350.5247802734375,405.1377258300781,55.407623291015625
2021-07-22,169.08999633789062,100.83512115478516,352.8418884277344,405.9861755371094,55.47590255737305
2021-07-23,168.55999755859375,100.68051147460938,356.9621887207031,410.162841796875,55.53564453125
2021-07-26,168.16000366210938,100.6117935180664,357.24334716796875,411.1697692871094,55.30521011352539
2021-07-27,168.44000244140625,101.04124450683594,353.3072509765625,409.29595947265625,54.818729400634766
2021-07-28,169.2899932861328,101.12713623046875,354.6645812988281,409.1280517578125,55.407623291015625
2021-07-29,171.1699981689453,100.81790924072266,355.2947082519531,410.82489013671875,55.749019622802734
2021-07-30,169.82000732421875,101.10137176513672,353.4430236816406,408.8297424316406,55.4246940612793
2021-08-02,169.61000061035156,101.54486083984375,353.4720458984375,407.97198486328125,55.65512466430664
2021-08-03,169.49000549316406,101.57063293457031,355.6146545410156,411.291015625,56.022125244140625
2021-08-04,169.52999877929688,101.54486083984375,356.1284484863281,409.2679138183594,55.970916748046875
2021-08-05,168.86000061035156,101.17528533935547,358.3873291015625,411.8597106933594,56.133079528808594
2021-08-06,164.63999938964844,100.582275390625,356.8168640136719,412.54034423828125,55.868507385253906
2021-08-09,161.72000122070312,100.3674087524414,357.4759826660156,412.2046813964844,55.877037048339844
2021-08-10,161.77000427246094,100.17831420898438,355.643798828125,412.71746826171875,55.979454040527344
2021-08-11,164.0,100.2900619506836,355.03289794921875,413.7430419921875,56.320838928222656
2021-08-12,164.0399932861328,100.18690490722656,356.3126220703125,414.9830627441406,56.133079528808594
2021-08-13,166.38999938964844,100.76273345947266,357.5633239746094,415.7381591796875,56.320838928222656
2021-08-16,167.22000122070312,100.9862060546875,357.7184753417969,416.7171325683594,55.9453239440918
2021-08-17,166.97000122070312,100.93463134765625,354.5676574707031,413.98541259765625,55.262535095214844
2021-08-18,167.10000610351562,100.88304138183594,351.155029296875,409.4543762207031,55.151580810546875
2021-08-19,166.61000061035156,101.10652160644531,352.8516540527344,410.0883483886719,54.50294876098633
2021-08-20,166.6999969482422,101.01197052001953,356.50653076171875,413.3514404296875,54.64803695678711
2021-08-23,168.72999572753906,101.03777313232422,361.83868408203125,416.9875183105469,55.236934661865234
2021-08-24,168.64999389648438,100.76273345947266,362.9438781738281,417.6494445800781,55.74048614501953
2021-08-25,167.47999572753906,100.3674087524414,363.3606872558594,418.5257873535156,55.79169464111328
2021-08-26,167.6699981689453,100.3674087524414,361.0533142089844,416.0551452636719,55.416168212890625
2021-08-27,170.19000244140625,100.6939926147461,364.5629577636719,419.7751770019531,56.022125244140625
2021-08-30,169.35000610351562,100.89166259765625,368.6541442871094,421.6211242675781,56.03920364379883
2021-08-31,169.69000244140625,100.70254516601562,368.3536071777344,420.99639892578125,56.235504150390625
2021-09-01,169.6999969482422,100.74557495117188,368.9643249511719,421.2201232910156,56.73051071166992
2021-09-02,169.25,100.8659896850586,368.78985595703125,422.5160827636719,56.884151458740234
2021-09-03,171.05999755859375,100.62515258789062,369.9241943359375,422.4134826660156,57.18284606933594
2021-09-07,167.7100067138672,100.22955322265625,370.4476013183594,420.9031982421875,57.16579055786133
2021-09-08,167.2899932861328,100.50474548339844,369.15826416015625,420.39044189453125,56.585418701171875
2021-09-09,168.02999877929688,100.78855895996094,367.8882141113281,418.5909729003906,56.53420639038086
2021-09-10,167.17999267578125,100.47039031982422,365.0960998535156,415.2906188964844,56.43179702758789
2021-09-13,167.74000549316406,100.59075927734375,364.84405517578125,416.3535461425781,56.79879379272461
2021-09-14,168.82000732421875,100.96920776367188,363.8067321777344,414.1066589355469,56.508602142333984
2021-09-15,167.8300018310547,100.79718780517578,366.51153564453125,417.5655822753906,56.64516067504883
2021-09-16,164.02999877929688,100.47897338867188,366.7636413574219,416.9035949707031,56.37206268310547
2021-09-17,163.77000427246094,100.18656158447266,362.4202880859375,412.8424987792969,55.766075134277344
2021-09-20,164.94000244140625,100.69398498535156,354.9315490722656,405.9586486816406,54.59640884399414
2021-09-21,166.0399932861328,100.63377380371094,355.36834716796875,405.57525634765625,55.08556365966797
2021-09-22,165.4199981689453,100.72840118408203,358.68756103515625,409.531494140625,55.523216247558594
2021-09-23,163.50999450683594,99.81669616699219,361.99725341796875,414.50726318359375,56.081031799316406
2021-09-24,163.3000030517578,99.51571655273438,362.3368225097656,415.1900939941406,55.54897689819336
2021-09-27,163.63999938964844,99.24913787841797,359.44464111328125,414.0023193359375,55.63479232788086
2021-09-28,162.0500030517578,98.87068939208984,349.2732238769531,405.65936279296875,54.562076568603516
2021-09-29,161.32000732421875,98.973876953125,348.7006530761719,406.3421325683594,54.33037185668945
2021-09-30,164.22000122070312,99.09431457519531,347.4195251464844,401.3757629394531,54.28746795654297
2021-10-01,164.58999633789062,99.49878692626953,349.5740966796875,406.145751953125,54.44193649291992
2021-10-04,165.36000061035156,99.3783187866211,342.23681640625,400.9080810546875,53.87554931640625
2021-10-05,164.58999633789062,99.06847381591797,346.8565673828125,405.0794677734375,54.20164489746094
2021-10-06,165.02999877929688,99.09430694580078,349.07916259765625,406.76300048828125,53.88412857055664
2021-10-07,164.16000366210938,98.69841003417969,352.2819519042969,410.2798156738281,54.502017974853516
2021-10-08,164.22999572753906,98.48323822021484,350.5252685546875,409.531494140625,54.57065963745117
2021-10-11,163.9199981689453,98.2422866821289,347.8367919921875,406.566650390625,54.40761947631836
2021-10-12,164.66000366210938,98.68981170654297,346.6236877441406,405.5658874511719,54.373294830322266
2021-10-13,167.58999633789062,98.87916564941406,349.3993835449219,407.02484130859375,54.99116897583008
2021-10-14,168.0,99.11153411865234,355.83416748046875,413.8713073730469,55.45457458496094
2021-10-15,165.3300018310547,98.62096405029297,358.0762023925781,417.02337646484375,55.93513870239258
2021-10-18,164.9199981689453,98.48323822021484,361.67694091796875,418.2578430175781,55.76351547241211
2021-10-19,165.4499969482422,98.13038635253906,364.4139709472656,421.4847106933594,56.20975875854492
2021-10-20,166.89999389648438,98.08735656738281,363.93829345703125,423.1401672363281,56.35564422607422
2021-10-21,166.75,97.82913208007812,366.1608581542969,424.2439270019531,56.020957946777344
2021-10-22,167.77000427246094,98.0787582397461,363.0842590332031,423.80419921875,56.19259262084961
2021-10-25,168.92999267578125,98.19920349121094,366.8014831542969,426.07696533203125,56.2526741027832
2021-10-26,167.67999267578125,98.31974792480469,367.9563903808594,426.4604797363281,56.20975875854492
2021-10-27,168.1199951171875,98.87054443359375,368.8105163574219,424.5712585449219,55.909400939941406
2021-10-28,168.0800018310547,98.61231994628906,372.90618896484375,428.6678771972656,56.321319580078125
2021-10-29,166.64999389648438,98.65536499023438,374.74053955078125,429.5376281738281,55.84933090209961
2021-11-01,167.52000427246094,98.64762115478516,376.0216979980469,430.27655029296875,56.389976501464844
2021-11-02,167.16000366210938,98.8887939453125,377.5940246582031,432.0162353515625,56.106773376464844
2021-11-03,165.77000427246094,98.57874298095703,381.60235595703125,434.65374755859375,56.47578430175781
2021-11-04,167.64999389648438,99.11270141601562,386.4940185546875,436.7021484375,56.41571044921875
2021-11-05,169.83999633789062,99.65526580810547,386.86285400390625,438.2171936035156,56.53585433959961
2021-11-08,170.4499969482422,99.22464752197266,386.338623046875,438.59136962890625,56.716068267822266
2021-11-09,171.2899932861328,99.68108367919922,383.6794128417969,437.1416931152344,56.544437408447266
2021-11-10,173.14999389648438,98.82850646972656,378.0405578613281,433.6249084472656,55.978050231933594
2021-11-11,174.1199951171875,98.50983428955078,379.08868408203125,433.76519775390625,56.34706115722656
2021-11-12,174.4499969482422,98.7165298461914,383.0776672363281,437.0387878417969,56.67317199707031
2021-11-15,174.17999267578125,98.32896423339844,382.9902648925781,437.1884460449219,56.55302047729492
2021-11-16,172.9199981689453,98.24285125732422,385.71759033203125,438.918701171875,56.43288803100586
2021-11-17,174.5,98.59595489501953,385.9213562011719,437.8525390625,56.30415725708008
2021-11-18,173.94000244140625,98.65624237060547,389.9200744628906,439.3396301269531,56.149688720703125
2021-11-19,172.61000061035156,98.92317962646484,392.0941162109375,438.5539855957031,55.78926086425781
2021-11-22,168.74000549316406,98.19979095458984,387.542236328125,437.3193664550781,55.43741226196289
2021-11-23,167.27999877929688,97.79498291015625,385.7757263183594,437.89923095703125,55.403072357177734
2021-11-24,167.1199951171875,98.0964126586914,387.01812744140625,439.0683898925781,55.179969787597656
2021-11-26,166.85000610351562,99.36244201660156,379.6806640625,429.2757263183594,53.60093307495117
2021-11-29,166.6199951171875,99.13851165771484,387.9206237792969,434.54150390625,53.8326416015625
2021-11-30,165.5,99.7328109741211,382.2235412597656,426.0863342285156,53.47221755981445
2021-12-01,166.16000366210938,99.92072296142578,375.7207946777344,421.353759765625,53.21476364135742
2021-12-02,165.24000549316406,99.7052001953125,378.4286193847656,427.80731201171875,53.91846466064453
2021-12-03,166.6300048828125,100.29132080078125,371.8483581542969,424.0848693847656,53.532283782958984
2021-12-06,166.22000122070312,99.7914047241211,374.8279113769531,429.107421875,54.055763244628906
2021-12-07,166.80999755859375,99.41217041015625,386.1154479980469,437.98345947265625,55.09414291381836
2021-12-08,166.89999389648438,99.09326934814453,387.8431091308594,439.1431884765625,55.222869873046875
2021-12-09,165.8800048828125,99.34320831298828,382.13623046875,436.1783142089844,54.810943603515625
2021-12-10,166.5800018310547,99.41217041015625,386.290283203125,440.2842712402344,54.896766662597656
2021-12-13,167.0,99.88619232177734,380.7095031738281,436.38409423828125,54.22740173339844
2021-12-14,165.44000244140625,99.71385955810547,376.7690124511719,433.3817138671875,54.01285171508789
2021-12-15,166.14999389648438,99.56732940673828,385.3584899902344,440.15338134765625,54.459102630615234
2021-12-16,168.16000366210938,99.85716247558594,375.44903564453125,436.2718505859375,54.52775192260742
2021-12-17,167.8000030517578,100.08150482177734,373.5758972167969,431.628662109375,53.95277404785156
2021-12-20,167.08999633789062,99.9952163696289,369.95208740234375,427.0389404296875,53.58774948120117
2021-12-21,167.02000427246094,99.59838104248047,378.2317810058594,434.62274169921875,54.3021354675293
2021-12-22,168.58999633789062,99.6932601928711,382.838134765625,438.9684143066406,54.79001235961914
2021-12-23,168.97000122070312,99.48625183105469,385.7243347167969,441.6996765136719,55.094932556152344
2021-12-27,169.3699951171875,99.520751953125,392.0992126464844,447.9506530761719,55.49568557739258
2021-12-28,168.63999938964844,99.50347900390625,390.2818603515625,447.5845947265625,55.4347038269043
2021-12-29,168.58999633789062,98.99449157714844,390.22369384765625,448.1572265625,55.3824348449707
2021-12-30,169.8000030517578,99.32231903076172,389.05755615234375,446.91827392578125,55.46083450317383
2021-12-31,170.9600067138672,99.21016693115234,386.62811279296875,445.7919616699219,55.3824348449707
2022-01-03,168.3300018310547,98.28707885742188,390.35009765625,448.373046875,55.739620208740234
2022-01-04,169.57000732421875,98.23532104492188,385.2870178222656,448.2228698730469,55.80931854248047
2022-01-05,169.05999755859375,97.82122802734375,373.4504699707031,439.61602783203125,55.25175094604492
2022-01-06,166.99000549316406,97.57966613769531,373.1881408691406,439.2030029296875,55.094932556152344
2022-01-07,167.75,97.26045989990234,369.1455078125,437.46673583984375,55.338863372802734
2022-01-10,168.25999450683594,97.23458099365234,369.388427734375,436.9222717285156,54.929405212402344
2022-01-11,170.2899932861328,97.4675064086914,374.9373474121094,440.9018859863281,55.71349334716797
2022-01-12,170.74000549316406,97.48475646972656,376.42425537109375,442.09381103515625,56.36688995361328
2022-01-13,170.16000366210938,97.79533386230469,367.0075378417969,436.00244140625,55.87901306152344
2022-01-14,169.6699981689453,97.12242126464844,369.291259765625,436.1808166503906,55.826751708984375
2022-01-18,169.38999938964844,96.38915252685547,360.0981140136719,428.4562072753906,54.99909973144531
2022-01-19,172.0800018310547,96.62206268310547,356.1429138183594,424.0072326660156,55.042659759521484
2022-01-20,171.64999389648438,96.8290786743164,351.51715087890625,419.3144226074219,54.88584518432617
2022-01-21,171.08999633789062,97.38985443115234,341.7699890136719,411.08294677734375,54.09305191040039
2022-01-24,172.02999877929688,97.30364227294922,343.33465576171875,412.8287048339844,53.46577453613281
2022-01-25,172.5800018310547,97.17420959472656,335.37567138671875,407.78851318359375,53.265411376953125
2022-01-26,169.7899932861328,96.48402404785156,334.8509521484375,406.7654724121094,52.92563247680664
2022-01-27,167.60000610351562,96.88948822021484,331.4788513183594,404.75689697265625,52.551021575927734
2022-01-28,167.10000610351562,97.1137924194336,341.8769226074219,414.8091735839844,52.80366516113281
2022-01-31,168.08999633789062,97.1137924194336,352.8096923828125,422.2803649902344,53.814266204833984
2022-02-01,168.22999572753906,96.98255920410156,355.2099304199219,425.133544921875,54.276004791259766
2022-02-02,168.83999633789062,97.18119812011719,358.09619140625,429.2634582519531,54.55479049682617
2022-02-03,168.60000610351562,96.76667785644531,343.57763671875,419.1735534667969,53.822975158691406
2022-02-04,168.86000061035156,96.02403259277344,347.9118957519531,421.14459228515625,53.91010284423828
2022-02-07,170.11000061035156,96.04993438720703,345.1130676269531,419.7930603027344,53.98850631713867
2022-02-08,170.6300048828125,95.73908233642578,348.9905090332031,423.24713134765625,54.3021354675293
2022-02-09,171.2100067138672,95.86861419677734,356.38580322265625,429.4417419433594,55.19076156616211
2022-02-10,170.55999755859375,94.98782348632812,348.3199768066406,421.7265319824219,54.56350326538086
2022-02-11,173.80999755859375,95.97222137451172,337.2705993652344,413.41058349609375,53.814266204833984
2022-02-14,174.74000549316406,95.30733489990234,337.6885070800781,412.0589904785156,53.491912841796875
2022-02-15,173.0800018310547,95.0223617553711,346.08489990234375,418.7042541503906,54.46766662597656
2022-02-16,174.86000061035156,95.22097778320312,345.9974060058594,419.1735534667969,54.711605072021484
2022-02-17,177.25,95.73043823242188,335.7060852050781,410.2193908691406,53.95365524291992
2022-02-18,177.1199951171875,96.04131317138672,331.8772277832031,407.5632629394531,53.61388397216797
2022-02-22,177.49000549316406,96.03266906738281,328.5439758300781,403.1893615722656,52.97789764404297
2022-02-23,178.2899932861328,95.53184509277344,320.1282958984375,396.0373840332031,52.4551887512207
2022-02-24,177.13999938964844,95.7563705444336,330.88592529296875,401.9974365234375,51.784358978271484
2022-02-25,176.5500030517578,95.73043823242188,336.0169677734375,410.86712646484375,52.960487365722656
2022-02-28,178.3800048828125,96.81846618652344,337.0179748535156,409.81585693359375,52.280948638916016
2022-03-01,181.6199951171875,97.76142883300781,331.8577880859375,403.5742492675781,51.30518341064453
2022-03-02,179.72999572753906,96.29210662841797,337.4262390136719,410.99847412109375,51.84532928466797
2022-03-03,180.8000030517578,96.70697784423828,332.6060791015625,408.9523620605469,51.05255126953125
2022-03-04,183.67999267578125,97.66636657714844,327.7859802246094,405.6297607421875,49.867706298828125
2022-03-07,186.41000366210938,97.25151824951172,315.6968688964844,393.6721496582031,48.282127380371094
2022-03-08,191.50999450683594,96.62057495117188,314.2293701171875,390.68743896484375,48.56089782714844
2022-03-09,185.82000732421875,96.024169921875,325.5411071777344,401.16204833984375,50.233612060546875
2022-03-10,186.39999389648438,95.58336639404297,321.9260559082031,399.3505554199219,49.60633850097656
2022-03-11,185.08999633789062,95.55745697021484,315.2497863769531,394.27276611328125,49.01393127441406
2022-03-14,182.3000030517578,94.3474349975586,309.1955871582031,391.391357421875,48.94422912597656
2022-03-15,178.88999938964844,94.30419158935547,318.89410400390625,399.9981689453125,49.284000396728516
2022-03-16,180.00999450683594,94.17453002929688,330.7207946777344,408.8677978515625,51.418453216552734
2022-03-17,180.88999938964844,93.99309539794922,334.7245788574219,413.9831848144531,51.6798095703125
2022-03-18,179.3000030517578,94.26964569091797,341.5757141113281,418.5174865722656,52.280948638916016
2022-03-21,180.6699981689453,93.04235076904297,340.6260986328125,418.39508056640625,51.896968841552734
2022-03-22,179.36000061035156,92.53238677978516,347.3201904296875,423.2908935546875,52.455474853515625
2022-03-23,181.80999755859375,93.15470886230469,342.328857421875,417.83953857421875,51.914424896240234
2022-03-24,183.1300048828125,92.63610076904297,349.937744140625,424.13824462890625,52.272220611572266
2022-03-25,182.3800048828125,91.68537139892578,349.645751953125,426.2095642089844,52.23731231689453
2022-03-28,179.05999755859375,91.892822265625,355.05560302734375,429.2412109375,52.14131164550781
2022-03-29,179.13999938964844,92.35089874267578,361.1660461425781,434.55126953125,53.16232681274414
2022-03-30,180.5800018310547,92.71391296386719,357.1766662597656,431.867919921875,52.97906494140625
2022-03-31,180.64999389648438,92.88675689697266,352.74957275390625,425.2209777832031,52.13258743286133
2022-04-01,179.5,92.28192138671875,352.07830810546875,426.42608642578125,52.69982147216797
2022-04-04,180.3699951171875,92.2213363647461,359.3270263671875,430.0791320800781,53.127418518066406
2022-04-05,179.24000549316406,91.12245178222656,351.3484802246094,424.6466369628906,52.40311050415039
2022-04-06,179.66000366210938,90.80231475830078,343.7202453613281,420.40045166015625,51.74862289428711
2022-04-07,180.33999633789062,90.57730102539062,344.53753662109375,422.51885986328125,51.71371078491211
2022-04-08,181.47000122070312,90.11873626708984,339.7211608886719,421.3890380859375,51.731163024902344
2022-04-11,182.3699951171875,89.68609619140625,331.6842041015625,414.1865539550781,51.12030029296875
2022-04-12,183.77000427246094,90.11873626708984,330.283203125,412.65191650390625,50.8410530090332
2022-04-13,184.64999389648438,90.31771850585938,336.9967956542969,417.37823486328125,51.443206787109375
2022-04-14,184.0399932861328,89.50438690185547,329.29071044921875,412.1811828613281,51.10286331176758
2022-04-18,184.61000061035156,89.24478149414062,329.54364013671875,412.3506164550781,50.91086959838867
2022-04-19,181.82000732421875,88.65641784667969,336.9092712402344,419.0070495605469,51.015586853027344
2022-04-20,182.7100067138672,89.34862518310547,331.99566650390625,418.69635009765625,51.19884490966797
2022-04-21,182.05999755859375,88.85543823242188,325.12628173828125,412.4353332519531,50.53562927246094
2022-04-22,180.2899932861328,88.89868927001953,316.61260986328125,401.1184997558594,49.7502326965332
2022-04-25,177.0500030517578,89.46975708007812,320.6796875,403.4439697265625,49.4099006652832
2022-04-26,177.32000732421875,90.06681060791016,308.57568359375,391.7598571777344,48.14453887939453
2022-04-27,175.97999572753906,89.56494903564453,308.2059326171875,392.8615417480469,48.467430114746094
2022-04-28,176.92999267578125,89.4351806640625,319.15216064453125,402.78497314453125,49.1829948425293
2022-04-29,176.91000366210938,88.9592514038086,304.7906494140625,387.89984130859375,48.746673583984375
2022-05-02,173.6300048828125,88.29651641845703,309.87939453125,390.2346496582031,48.598323822021484
2022-05-03,174.08999633789062,88.40045928955078,310.2102966308594,392.02349853515625,49.01719665527344
2022-05-04,175.8000030517578,88.97225952148438,320.69921875,403.9617614746094,49.724056243896484
2022-05-05,175.1300048828125,88.07991790771484,304.5475158691406,389.6038818359375,48.13582229614258
2022-05-06,175.4199981689453,87.57742309570312,300.8987121582031,387.2783508300781,47.63839340209961
2022-05-09,172.8800048828125,88.2271957397461,289.12548828125,374.8788146972656,46.18106460571289
2022-05-10,171.4199981689453,88.52176666259766,292.6379089355469,375.7449645996094,46.41667175292969
2022-05-11,172.82000732421875,89.06754302978516,283.9588623046875,369.7757568359375,46.163604736328125
2022-05-12,170.1699981689453,89.36210632324219,283.28741455078125,369.38970947265625,45.98908996582031
2022-05-13,168.7899932861328,88.89427185058594,293.7861022949219,378.2210693359375,47.2282600402832
2022-05-16,170.39999389648438,89.26681518554688,290.3806457519531,376.6864013671875,47.21953201293945
2022-05-17,169.3300018310547,88.59105682373047,297.90191650390625,384.4349365234375,48.18818664550781
2022-05-18,169.4199981689453,89.22346496582031,283.27777099609375,368.9378356933594,47.07991027832031
2022-05-19,171.91000366210938,89.54405975341797,281.7599182128906,366.6782531738281,47.594764709472656
2022-05-20,172.02999877929688,89.95988464355469,280.88409423828125,366.8382873535156,47.865291595458984
2022-05-23,172.8300018310547,89.41410827636719,285.5545654296875,373.7018127441406,48.55469512939453
2022-05-24,174.1300048828125,90.18512725830078,279.4830017089844,370.84912109375,48.17072296142578
2022-05-25,173.0800018310547,90.36705017089844,283.39453125,374.12548828125,48.249267578125
2022-05-26,172.75999450683594,90.32373809814453,291.2465515136719,381.6011047363281,48.825218200683594
2022-05-27,172.85000610351562,90.45368957519531,300.75274658203125,390.9690246582031,49.44480895996094
2022-05-31,171.13999938964844,89.50938415527344,299.9549255371094,388.7753601074219,49.48843002319336
2022-06-01,172.22999572753906,89.0053939819336,297.73651123046875,385.6307373046875,49.00847625732422
2022-06-02,174.35000610351562,89.13553619384766,305.8901672363281,392.9744567871094,49.985862731933594
2022-06-03,172.5800018310547,88.96202850341797,297.9310607910156,386.5251770019531,49.22663879394531
2022-06-06,171.82000732421875,88.29411315917969,298.9234619140625,387.70208740234375,49.44480895996094
2022-06-07,172.94000244140625,88.6497573852539,301.5019836425781,391.4209289550781,49.59315872192383
2022-06-08,172.77999877929688,88.32017517089844,299.3321838378906,387.16534423828125,49.191734313964844
2022-06-09,172.22999572753906,88.24208068847656,291.31475830078125,377.9574279785156,48.16199493408203
2022-06-10,174.5399932861328,87.37466430664062,281.0398864746094,366.9983215332031,47.20207595825195
2022-06-13,169.92999267578125,85.82199096679688,267.9726257324219,353.0640563964844,45.613834381103516
2022-06-14,168.57000732421875,85.13674926757812,268.4590148925781,352.00018310546875,45.509117126464844
2022-06-15,170.77000427246094,86.32508087158203,275.16302490234375,357.01837158203125,46.215965270996094
2022-06-16,172.69000244140625,86.88893127441406,264.06109619140625,345.2025146484375,45.02042770385742
2022-06-17,171.27000427246094,86.91493225097656,267.27203369140625,345.9466247558594,44.88080596923828
2022-06-21,170.6300048828125,86.46385955810547,274.0151672363281,354.6554260253906,45.647926330566406
2022-06-22,171.30999755859375,87.55683135986328,273.6155700683594,354.012451171875,45.14474868774414
2022-06-23,170.25999450683594,88.05126953125,277.69036865234375,357.4826965332031,45.082950592041016
2022-06-24,170.08999633789062,87.73898315429688,287.2049865722656,368.84844970703125,46.30999755859375
2022-06-27,169.89999389648438,87.24457550048828,285.09942626953125,367.4395446777344,46.25703811645508
2022-06-28,169.6199951171875,87.35731506347656,276.4133605957031,359.93170166015625,46.01869201660156
2022-06-29,169.49000549316406,88.05992889404297,276.666748046875,359.6385498046875,45.727378845214844
2022-06-30,168.4600067138672,88.73648071289062,273.2353210449219,356.7167663574219,45.55964279174805
2022-07-01,168.32000732421875,89.687744140625,275.0387268066406,360.4895324707031,45.5419921875
2022-07-05,164.75,90.01788330078125,279.747314453125,361.17041015625,44.7033576965332
2022-07-06,162.13999938964844,89.25342559814453,281.54107666015625,362.3902282714844,44.62392044067383
2022-07-07,162.22999572753906,88.70610046386719,287.5657958984375,367.81768798828125,45.400753021240234
2022-07-08,162.3000030517578,88.16748046875,287.92645263671875,367.51513671875,45.436065673828125
2022-07-11,161.42999267578125,88.86247253417969,281.7750549316406,363.31683349609375,44.55329895019531
2022-07-12,160.8300018310547,89.07098388671875,279.04541015625,360.10186767578125,44.49149703979492
2022-07-13,161.60000610351562,89.45320129394531,278.4703063964844,358.210693359375,44.43852996826172
2022-07-14,159.3300018310547,88.95803833007812,279.46466064453125,357.3408203125,43.8382568359375
2022-07-15,159.00999450683594,89.26207733154297,284.5339660644531,364.1678466796875,44.385562896728516
2022-07-18,159.16000366210938,89.00142669677734,282.1259765625,361.16094970703125,44.668052673339844
2022-07-19,159.5399932861328,88.59318542480469,290.8022766113281,370.9192199707031,45.727378845214844
2022-07-20,158.0399932861328,88.50628662109375,295.4134216308594,373.283203125,45.48019790649414
2022-07-21,160.27000427246094,89.5140380859375,299.6540832519531,377.0843811035156,45.9921989440918
2022-07-22,160.6699981689453,90.53913879394531,294.3995361328125,373.5857849121094,45.76268768310547
2022-07-25,160.22999572753906,90.21771240234375,292.7227783203125,374.03961181640625,46.0716552734375
2022-07-26,160.0399932861328,90.25244903564453,286.9710388183594,369.6143493652344,45.53316879272461
2022-07-27,161.6699981689453,90.43487548828125,299.098388671875,379.2119140625,46.50421905517578
2022-07-28,163.63999938964844,91.32965087890625,302.02301025390625,383.9681396484375,46.78669357299805
2022-07-29,164.10000610351562,91.36441802978516,307.5310363769531,389.5658874511719,47.2192497253418
2022-08-01,165.02999877929688,91.89875030517578,307.3457336425781,388.412353515625,47.08683395385742
2022-08-02,164.0500030517578,90.6281967163086,306.42938232421875,385.8498229980469,46.50421905517578
2022-08-03,164.4499969482422,91.00240325927734,314.7742919921875,391.89202880859375,46.804351806640625
2022-08-04,167.1699981689453,91.46363830566406,316.24627685546875,391.6272888183594,47.05152893066406
2022-08-05,165.2899932861328,90.1408462524414,313.66290283203125,390.9653625488281,46.82200241088867
2022-08-08,166.69000244140625,90.67171478271484,312.6490173339844,390.5114440917969,46.963253021240234
2022-08-09,167.1999969482422,90.40193939208984,309.1103210449219,388.96075439453125,46.71607208251953
2022-08-10,166.77999877929688,90.45413970947266,317.7378845214844,397.1304626464844,47.6871223449707
2022-08-11,166.33999633789062,89.85367584228516,315.934326171875,397.1304626464844,47.75774383544922
2022-08-12,167.8699951171875,90.2104721069336,322.08575439453125,403.8534851074219,48.13733673095703
2022-08-15,165.7100067138672,90.4976577758789,324.6886901855469,405.5176696777344,47.86368179321289
2022-08-16,165.4199981689453,90.39321899414062,323.9282531738281,406.31195068359375,47.890159606933594
2022-08-17,164.35000610351562,89.78404998779297,320.2335205078125,403.427978515625,47.5546989440918
2022-08-18,163.9199981689453,89.95811462402344,321.00360107421875,404.6004638671875,47.369327545166016
2022-08-19,162.72000122070312,89.1835708618164,314.74493408203125,399.1634216308594,46.73372268676758
2022-08-22,161.63999938964844,88.79196166992188,306.4586181640625,390.8518371582031,46.062828063964844
2022-08-23,162.77000427246094,88.5743637084961,306.2051696777344,389.90631103515625,46.18641662597656
2022-08-24,163.25,88.27848815917969,307.09234619140625,391.1545104980469,46.274688720703125
2022-08-25,163.75,88.84416961669922,312.5223693847656,396.6764831542969,46.88380432128906
2022-08-26,161.75999450683594,88.73975372314453,299.71258544921875,383.24951171875,45.81565856933594
2022-08-29,161.86000061035156,88.23499298095703,296.75885009765625,380.7153625488281,45.68323516845703
2022-08-30,160.50999450683594,88.20889282226562,293.453857421875,376.53594970703125,45.277164459228516
2022-08-31,159.27000427246094,87.84339141845703,291.74798583984375,373.6708984375,45.10061264038086
2022-09-01,157.8699951171875,87.14506530761719,291.8747253417969,374.8434143066406,44.606266021728516
2022-09-02,159.25999450683594,87.63329315185547,287.75103759765625,370.89080810546875,44.33260726928711
2022-09-06,158.3300018310547,86.65687561035156,285.68426513671875,369.49139404296875,44.05012130737305
2022-09-07,159.94000244140625,87.22352600097656,291.4555358886719,376.12939453125,44.42970657348633
2022-09-08,158.97999572753906,86.90093994140625,292.9664611816406,378.5877380371094,44.44736099243164
2022-09-09,159.82000732421875,86.90970611572266,299.37139892578125,384.4693298339844,45.40958023071289
2022-09-12,160.6300048828125,86.70045471191406,302.9296569824219,388.60137939453125,46.00986862182617
2022-09-13,158.5399932861328,86.21224975585938,286.3180236816406,371.7040710449219,44.46501541137695
2022-09-14,157.92999267578125,86.25584411621094,288.58935546875,373.1224670410156,44.685707092285156
2022-09-15,154.97999572753906,85.95941925048828,283.7833251953125,368.88623046875,44.24432373046875
2022-09-16,155.83999633789062,86.02920532226562,282.048095703125,366.072021484375,43.90887451171875
2022-09-19,155.9600067138672,85.78507995605469,284.24444580078125,368.91094970703125,44.1219367980957
2022-09-20,155.07000732421875,85.25326538085938,281.97882080078125,364.6763916015625,43.50050354003906
2022-09-21,155.7899932861328,85.59329223632812,276.9295349121094,358.3150939941406,42.87907028198242
2022-09-22,155.6999969482422,84.30299377441406,273.521240234375,355.3052062988281,42.745906829833984
2022-09-23,153.00999450683594,84.40762329101562,269.06787109375,349.3522033691406,41.449764251708984
2022-09-26,151.22999572753906,83.0040283203125,267.9544372558594,345.89605712890625,40.810577392578125
2022-09-27,151.5399932861328,82.43732452392578,268.0619201660156,345.01318359375,40.61526870727539
2022-09-28,154.69000244140625,84.2942886352539,273.3941955566406,351.8017578125,41.3964958190918
2022-09-29,154.66000366210938,83.9019546508789,265.5129089355469,344.4529724121094,40.75730514526367
2022-09-30,154.6699981689453,83.68403625488281,261.0107727050781,339.1265563964844,40.633018493652344
2022-10-03,158.42999267578125,84.67718505859375,267.13409423828125,348.0798645019531,41.49415588378906
2022-10-04,160.6999969482422,84.85189056396484,275.53302001953125,358.86566162109375,42.96784591674805
2022-10-05,159.80999755859375,84.04824829101562,275.38653564453125,358.0301818847656,42.58610534667969
2022-10-06,159.6300048828125,83.5853271484375,273.21844482421875,354.3367919921875,42.000186920166016
2022-10-07,157.8800048828125,83.17477416992188,262.80767822265625,344.4529724121094,41.272216796875
2022-10-10,155.47999572753906,82.68561553955078,260.1805419921875,341.822998046875,40.95262145996094
2022-10-11,155.16000366210938,82.89525604248047,256.6061706542969,339.658203125,40.41107940673828
2022-10-12,155.99000549316406,83.16605377197266,256.51824951171875,338.537841796875,40.348941802978516
2022-10-13,154.91000366210938,82.816650390625,262.5342712402344,347.4722595214844,40.997005462646484
2022-10-14,152.97999572753906,82.35366821289062,254.6431884765625,339.55377197265625,40.348941802978516
2022-10-17,153.4199981689453,82.44105529785156,263.0518493652344,348.279296875,41.38762664794922
2022-10-18,153.75,82.65068817138672,265.13201904296875,352.3714294433594,41.60068130493164
2022-10-19,151.69000244140625,81.78593444824219,264.1651611328125,349.8743591308594,41.005882263183594
2022-10-20,151.4499969482422,81.17445373535156,262.81744384765625,346.9405212402344,41.05027389526367
2022-10-21,154.14999389648438,81.35787963867188,268.9799499511719,355.37164306640625,41.76047897338867
2022-10-24,153.64999389648438,81.25306701660156,271.9390869140625,359.7202453613281,41.29884719848633
2022-10-25,154.0,82.26634216308594,277.5644226074219,365.4644470214844,42.00904846191406
2022-10-26,154.97999572753906,82.68561553955078,271.43121337890625,362.7109375,42.49732971191406
2022-10-27,154.74000549316406,83.2708511352539,266.4895935058594,360.7740478515625,42.168846130371094
2022-10-28,153.16000366210938,82.84282684326172,274.6443176269531,369.3571472167969,42.373043060302734
2022-10-31,151.91000366210938,82.46725463867188,271.4508056640625,366.68914794921875,42.01793670654297
2022-11-01,153.4600067138672,82.4523696899414,268.6771545410156,365.0845642089844,42.47956466674805
2022-11-02,152.38999938964844,82.31229400634766,259.46771240234375,355.9223937988281,41.94690704345703
2022-11-03,151.80999755859375,81.95337677001953,254.39903259277344,352.2574768066406,41.79599380493164
2022-11-04,156.47000122070312,81.77831268310547,258.4910888671875,357.3276062011719,43.39396667480469
2022-11-07,155.85000610351562,81.48941802978516,261.3329772949219,360.74560546875,43.51825714111328
2022-11-08,159.4499969482422,82.03216552734375,263.2374267578125,362.6919860839844,43.988773345947266
2022-11-09,158.64999389648438,82.31229400634766,257.16278076171875,355.2197570800781,43.278560638427734
2022-11-10,163.47999572753906,84.15934753417969,276.1385192871094,374.74053955078125,45.409202575683594
2022-11-11,164.55999755859375,83.9842529296875,281.2266845703125,378.3675231933594,46.31471633911133
2022-11-14,164.9199981689453,83.7829360961914,278.76568603515625,375.1488342285156,45.87083435058594
2022-11-15,165.5,84.40445709228516,282.6232604980469,378.3485412597656,46.332481384277344
2022-11-16,165.1199951171875,85.02598571777344,278.76568603515625,375.4622497558594,45.99512481689453
2022-11-17,163.9199981689453,84.44822692871094,278.1503601074219,374.3133544921875,46.03063201904297
2022-11-18,162.7899932861328,84.15062713623047,278.1601257324219,376.0127868652344,45.97736740112305
2022-11-21,161.8800048828125,84.09807586669922,275.2986755371094,374.6456298828125,45.59562683105469
2022-11-22,162.07000732421875,84.57953643798828,279.263671875,379.68719482421875,46.13715744018555
2022-11-23,163.0800018310547,85.03474426269531,282.06658935546875,382.0798645019531,46.607688903808594
2022-11-25,163.22000122070312,85.00847625732422,280.21112060546875,381.9944763183594,46.71421432495117
2022-11-28,161.92999267578125,85.04349517822266,276.09942626953125,375.89892578125,46.19043731689453
2022-11-29,162.72999572753906,84.68457794189453,274.0094909667969,375.2533264160156,46.554412841796875
2022-11-30,164.80999755859375,85.44612884521484,286.5005187988281,387.07403564453125,47.49544906616211
2022-12-01,167.83999633789062,86.37942504882812,286.8520202636719,386.7891845703125,47.7440185546875
2022-12-02,167.25999450683594,86.55489349365234,285.7093505859375,386.3429870605469,47.788414001464844
2022-12-05,164.38999938964844,85.67771911621094,280.9141540527344,379.3929138183594,47.1314582824707
2022-12-06,164.83999633789062,86.2039794921875,275.09344482421875,373.92401123046875,46.91839599609375
2022-12-07,166.3300018310547,86.95834350585938,273.9704284667969,373.2879638671875,46.811866760253906
2022-12-08,166.47000122070312,86.46713256835938,277.21282958984375,376.2122802734375,47.149227142333984
2022-12-09,167.05999755859375,85.82682800292969,275.44512939453125,373.4018859863281,47.07819747924805
2022-12-12,165.67999267578125,85.70406341552734,278.9023742675781,378.7853088378906,47.113712310791016
2022-12-13,168.50999450683594,86.47591400146484,281.90057373046875,381.65264892578125,47.672996520996094
2022-12-14,168.10000610351562,86.71273040771484,279.81060791015625,379.2125244140625,47.610862731933594
2022-12-15,165.35000610351562,86.88148498535156,270.41558837890625,369.9363708496094,46.474510192871094
2022-12-16,166.7899932861328,86.66177368164062,267.8373107910156,365.56884765625,46.21706771850586
2022-12-19,166.32000732421875,85.95868682861328,264.07318115234375,362.4688720703125,46.1622428894043
2022-12-20,169.0800018310547,85.33472442626953,263.8675842285156,362.96484375,46.3060302734375
2022-12-21,168.8000030517578,85.44019317626953,267.6952819824219,368.3921203613281,46.74635696411133
2022-12-22,166.75999450683594,85.41382598876953,261.1461181640625,363.1365661621094,46.38690185546875
2022-12-23,167.25999450683594,85.0271224975586,261.7334899902344,365.22540283203125,46.49474334716797
2022-12-27,168.6699981689453,84.3153076171875,258.03302001953125,363.7851867675781,46.74635696411133
2022-12-28,167.91000366210938,84.1131591796875,254.62625122070312,359.26416015625,46.189208984375
2022-12-29,168.85000610351562,84.52618408203125,260.8328857421875,365.7309875488281,46.94404983520508
2022-12-30,169.63999938964844,84.1746597290039,260.67620849609375,364.7676086425781,46.47677230834961
2023-01-03,171.05999755859375,84.83379364013672,258.91412353515625,363.23199462890625,46.79128646850586
2023-01-04,172.6699981689453,85.484130859375,260.1475524902344,366.0362548828125,47.591064453125
2023-01-05,170.52000427246094,85.36109161376953,256.0751647949219,361.8584899902344,47.17770004272461
2023-01-06,173.7100067138672,86.45962524414062,263.1431579589844,370.15667724609375,48.282997131347656
2023-01-09,174.10000610351562,86.67935180664062,264.8465881347656,369.9468688964844,48.543601989746094
2023-01-10,174.74000549316406,86.13447570800781,267.08837890625,372.5412292480469,48.741302490234375
2023-01-11,174.6199951171875,86.68814849853516,271.7089538574219,377.25299072265625,49.037841796875
2023-01-12,176.63999938964844,87.46150970458984,273.1774597167969,378.6265869140625,49.63092803955078
2023-01-13,178.75999450683594,86.9957504272461,275.0570983886719,380.095458984375,49.90951156616211
2023-01-17,177.58999633789062,86.72328186035156,275.6150817871094,379.399169921875,49.94544982910156
2023-01-18,177.0800018310547,87.90092468261719,272.0321044921875,373.4091491699219,49.67586135864258
2023-01-19,179.88999938964844,87.73394775390625,269.35955810546875,370.6907958984375,49.77471160888672
2023-01-20,179.2899932861328,87.15390014648438,276.7311096191406,377.5964660644531,50.268951416015625
2023-01-23,179.6300048828125,86.8727035522461,282.8788757324219,382.1271057128906,50.51158142089844
2023-01-24,180.27999877929688,87.37359619140625,282.3013610839844,381.7169189453125,50.520572662353516
2023-01-25,181.11000061035156,87.4703140258789,281.6748962402344,381.8599853515625,50.72726058959961
2023-01-26,179.47000122070312,87.15390014648438,287.1667175292969,386.0567932128906,50.906978607177734
2023-01-27,179.22000122070312,87.02210235595703,290.02532958984375,386.9438171386719,50.790157318115234
2023-01-30,178.75999450683594,86.74964141845703,284.1612854003906,382.08892822265625,50.259979248046875
2023-01-31,179.41000366210938,87.1890869140625,288.4197998046875,387.7068786621094,50.51158142089844
2023-02-01,181.6699981689453,87.81612396240234,294.5872497558594,391.8272705078125,50.987857818603516
2023-02-02,177.89999389648438,87.7809066772461,305.1599426269531,397.5312194824219,50.86204528808594
2023-02-03,173.4600067138672,86.83855438232422,299.7365417480469,393.30584716796875,50.259979248046875
2023-02-06,173.82000732421875,86.08993530273438,297.20111083984375,390.9021911621094,49.73876953125
2023-02-07,173.97999572753906,85.87857055664062,303.3586730957031,396.0145568847656,50.08024215698242
2023-02-08,174.41000366210938,86.19561767578125,297.9646301269531,391.6842956542969,49.8555908203125
2023-02-09,173.02999877929688,85.80810546875,295.33123779296875,388.2886962890625,49.94544982910156
2023-02-10,173.36000061035156,85.39417266845703,293.39288330078125,389.1948547363281,49.71180725097656
2023-02-13,172.47999572753906,85.59673309326172,298.0919494628906,393.76361083984375,50.13416290283203
2023-02-14,172.61000061035156,85.20922088623047,300.2945251464844,393.5824279785156,50.14314651489258
2023-02-15,170.88999938964844,84.95382690429688,302.5951232910156,394.86053466796875,49.891544342041016
2023-02-16,170.75,84.67198944091797,296.9172058105469,389.4237060546875,49.6938362121582
2023-02-17,171.25999450683594,84.90978240966797,294.8221740722656,388.4508361816406,49.64889907836914
2023-02-21,170.6199951171875,83.98503875732422,287.84222412109375,380.6581726074219,49.06480407714844
2023-02-22,169.66000366210938,84.13477325439453,288.05755615234375,380.13360595703125,48.786224365234375
2023-02-23,169.57000732421875,84.46062469482422,290.5735168457031,382.1556701660156,49.037841796875
2023-02-24,168.35000610351562,83.94978332519531,285.7081298828125,378.0733947753906,48.22907257080078
2023-02-27,169.00999450683594,84.20519256591797,287.7541198730469,379.36102294921875,48.69636154174805
2023-02-28,169.77999877929688,84.3373031616211,287.3821105957031,377.9588623046875,48.35489273071289
2023-03-01,170.75999450683594,83.66307067871094,285.07171630859375,376.509033203125,48.849124908447266
2023-03-02,170.66000366210938,83.3188705444336,287.4310607910156,379.437255859375,48.95697021484375
2023-03-03,172.49000549316406,83.9896011352539,293.3733215332031,385.5226135253906,49.577022552490234
2023-03-06,171.6199951171875,83.83958435058594,293.7061767578125,385.7897033691406,49.469181060791016
2023-03-07,168.6199951171875,83.848388671875,290.1036376953125,379.8760681152344,48.62447738647461
2023-03-08,168.5399932861328,83.82190704345703,291.55255126953125,380.49603271484375,48.849124908447266
2023-03-09,170.1999969482422,84.34261322021484,286.5010986328125,373.4759216308594,48.282997131347656
2023-03-10,173.8699951171875,85.8958511352539,282.4775390625,368.08697509765625,47.86962890625
2023-03-13,177.86000061035156,86.93722534179688,284.5725402832031,367.5622863769531,47.644981384277344
2023-03-14,176.8300018310547,86.11648559570312,291.1119689941406,373.6380920410156,48.06732177734375
2023-03-15,178.2100067138672,87.36083221435547,292.63909912109375,371.3012390136719,46.81824493408203
2023-03-16,178.57000732421875,86.57540130615234,300.353271484375,377.8157653808594,47.49220657348633
2023-03-17,183.77000427246094,87.5991439819336,298.9338684082031,373.3981018066406,47.024925231933594
2023-03-20,183.83999633789062,87.24607849121094,299.9947204589844,376.9886169433594,47.60227584838867
2023-03-21,180.3699951171875,86.4871597290039,304.2793273925781,381.9385986328125,48.16972351074219
2023-03-22,183.44000244140625,87.6256103515625,300.1417236328125,375.4278564453125,48.04362106323242
2023-03-23,185.74000549316406,88.1286392211914,303.7008972167969,376.44287109375,48.23277282714844
2023-03-24,183.64999389648438,88.15509796142578,304.818603515625,378.91302490234375,48.10667419433594
2023-03-27,181.9499969482422,87.06959533691406,302.73016357421875,379.62158203125,48.3588752746582
2023-03-28,183.44000244140625,87.01665496826172,301.1221923828125,378.76947021484375,48.5570182800293
2023-03-29,182.52999877929688,86.86661529541016,306.6128234863281,384.2748107910156,49.01638412475586
2023-03-30,184.17999267578125,86.99897766113281,309.5150451660156,386.52484130859375,49.556800842285156
2023-03-31,183.22000122070312,87.47554016113281,314.66259765625,391.9727478027344,49.727943420410156
2023-04-03,184.5399932861328,87.88761138916016,313.8977355957031,393.4664001464844,50.08822250366211
2023-04-04,187.97999572753906,88.45354461669922,312.8388671875,391.283447265625,50.06120681762695
2023-04-05,187.8300018310547,88.82496643066406,309.7503356933594,390.2589416503906,49.70993423461914
2023-04-06,186.49000549316406,88.85148620605469,311.83880615234375,391.78131103515625,49.881065368652344
2023-04-10,185.11000061035156,87.97604370117188,311.66229248046875,392.18341064453125,49.917091369628906
2023-04-11,186.27999877929688,87.94066619873047,309.662109375,392.2886962890625,50.14226531982422
2023-04-12,187.19000244140625,88.19711303710938,306.9266357421875,390.6898498535156,50.277374267578125
2023-04-13,189.72000122070312,87.90531158447266,312.9368896484375,395.8791809082031,50.93489074707031
2023-04-14,186.36000061035156,87.4720458984375,312.3486022949219,394.912109375,50.727725982666016
2023-04-17,185.52999877929688,86.91493225097656,312.61334228515625,396.3292541503906,50.727725982666016
2023-04-18,186.25,87.0564193725586,312.6329650878906,396.587646484375,50.889854431152344
2023-04-19,185.36000061035156,86.8707046508789,312.48590087890625,396.52069091796875,50.583614349365234
2023-04-20,186.08999633789062,87.37474822998047,310.10333251953125,394.3568115234375,50.574607849121094
2023-04-21,184.25,87.16250610351562,310.4268493652344,394.6632385253906,50.583614349365234
2023-04-24,184.80999755859375,87.58697509765625,309.7797546386719,395.0749816894531,50.65567398071289
2023-04-25,185.75,88.45354461669922,303.93609619140625,388.8035583496094,49.85403823852539
2023-04-26,184.74000549316406,88.10869598388672,305.77947998046875,387.15673828125,49.917091369628906
2023-04-27,184.75,87.53392791748047,314.09381103515625,394.8642578125,50.55659484863281
2023-04-28,184.8000030517578,88.1882553100586,316.26068115234375,398.2344970703125,50.664676666259766
2023-05-01,183.97000122070312,87.15028381347656,315.89788818359375,397.8323669433594,50.56560134887695
2023-05-02,187.52000427246094,88.28487396240234,313.14276123046875,393.3611145019531,50.034183502197266
2023-05-03,189.11000061035156,88.8610610961914,311.09356689453125,390.6610412597656,50.09722900390625
2023-05-04,190.44000244140625,88.84333038330078,309.9954833984375,387.89404296875,50.18730545043945
2023-05-05,187.4600067138672,88.36463928222656,316.5841979980469,395.0749816894531,50.907867431640625
2023-05-08,187.69000244140625,87.823974609375,317.3686218261719,395.18023681640625,50.94390106201172
2023-05-09,189.02000427246094,87.71759796142578,315.3586730957031,393.447265625,50.709712982177734
2023-05-10,188.75,88.37350463867188,318.7903137207031,395.28558349609375,50.673683166503906
2023-05-11,187.1300048828125,88.70149993896484,319.82965087890625,394.59619140625,50.4575080871582
2023-05-12,186.80999755859375,88.169677734375,318.68243408203125,394.07916259765625,50.232337951660156
2023-05-15,187.2100067138672,87.97467803955078,320.4080505371094,395.438720703125,50.763755798339844
2023-05-16,184.8699951171875,87.69100952148438,320.7708740234375,392.7962341308594,50.28638458251953
2023-05-17,184.22999572753906,87.4073715209961,324.6535339355469,397.5643615722656,50.54758071899414
2023-05-18,181.83999633789062,86.86669158935547,330.68341064453125,401.3941650390625,50.385459899902344
2023-05-19,183.63999938964844,86.5387191772461,329.938232421875,400.8100891113281,50.55659484863281
2023-05-22,183.2100067138672,86.37909698486328,331.04620361328125,400.97283935546875,50.709712982177734
2023-05-23,183.42999267578125,86.52096557617188,326.8497619628906,396.4727783203125,49.971134185791016
2023-05-24,181.9499969482422,86.29936218261719,325.17315673828125,393.6004333496094,49.37666702270508
2023-05-25,180.1999969482422,85.75867462158203,333.0855712890625,397.0090026855469,49.25056457519531
2023-05-26,180.9199981689453,85.91819763183594,341.59600830078125,402.1504821777344,49.827022552490234
2023-05-30,182.0399932861328,86.59188842773438,343.14520263671875,402.3037414550781,49.35865783691406
2023-05-31,182.32000732421875,86.91983795166016,341.19403076171875,400.0728759765625,48.890281677246094
2023-06-01,183.75999450683594,87.16151428222656,345.13555908203125,403.8739318847656,49.6558837890625
2023-06-02,181.0500030517578,86.46849060058594,347.72393798828125,409.7144470214844,50.385459899902344
2023-06-05,182.13999938964844,86.44181823730469,347.9691162109375,408.9293212890625,50.160282135009766
2023-06-06,182.33999633789062,86.49513244628906,347.9102783203125,409.81976318359375,50.583614349365234
2023-06-07,180.14999389648438,85.86430358886719,342.0079345703125,408.4027404785156,50.205326080322266
2023-06-08,182.52999877929688,86.44181823730469,346.25323486328125,410.87298583984375,50.646663665771484
2023-06-09,182.0399932861328,86.13086700439453,347.576904296875,411.610107421875,50.68268966674805
2023-06-12,181.8800048828125,86.27304077148438,353.449951171875,415.34417724609375,50.862831115722656
2023-06-13,180.5399932861328,85.65996551513672,356.1658630371094,418.0825500488281,51.34020233154297
2023-06-14,180.63999938964844,85.77545928955078,358.75433349609375,418.58050537109375,51.54737091064453
2023-06-15,181.91000366210938,86.44181823730469,363.0291748046875,423.7698669433594,52.02473831176758
2023-06-16,181.6300048828125,86.06867980957031,360.74462890625,422.326416015625,51.89863967895508
2023-06-20,179.75,86.32630920410156,360.228271484375,420.13531494140625,51.14113235473633
2023-06-21,179.49000549316406,86.40628814697266,355.319091796875,417.9826354980469,51.1866569519043
2023-06-22,177.7100067138672,85.91761779785156,359.51153564453125,419.491455078125,50.91350555419922
2023-06-23,178.1999969482422,86.27304077148438,355.947509765625,416.3200988769531,50.12140655517578
2023-06-26,178.50999450683594,86.48624420166016,351.1758728027344,414.619140625,50.24887466430664
2023-06-27,177.69000244140625,86.18416595458984,357.2139892578125,419.16473388671875,50.67679214477539
2023-06-28,177.27999877929688,86.53068542480469,357.9111328125,419.3760986328125,50.62215805053711
2023-06-29,177.08999633789062,85.6422119140625,357.19439697265625,421.0290222167969,50.53112030029297
2023-06-30,178.27000427246094,85.82874298095703,362.702392578125,425.9974670410156,51.0591926574707
2023-07-03,178.47000122070312,85.45649719238281,363.55657958984375,426.4876403808594,51.26860046386719
2023-07-05,177.83999633789062,85.04679870605469,363.5467834472656,425.8533630371094,50.77694320678711
2023-07-06,177.30999755859375,84.35211181640625,360.7780456542969,422.5186462402344,49.86647033691406
2023-07-07,178.63999938964844,84.2452163696289,359.5802001953125,421.45184326171875,50.349021911621094
2023-07-10,178.77999877929688,84.68164825439453,359.6980895996094,422.5186462402344,50.430965423583984
2023-07-11,179.4499969482422,84.85978698730469,361.4751281738281,425.2094421386719,50.92262649536133
2023-07-12,181.8800048828125,85.68805694580078,366.04058837890625,428.63067626953125,51.869510650634766
2023-07-13,182.00999450683594,86.40057373046875,372.2554626464844,432.0326232910156,52.60698318481445
2023-07-14,181.42999267578125,85.97303771972656,372.17694091796875,431.7635498046875,52.315643310546875
2023-07-17,181.55999755859375,86.11556243896484,375.65252685546875,433.26275634765625,52.34295654296875
2023-07-18,183.63999938964844,86.2135238647461,378.72564697265625,436.48211669921875,52.49773406982422
2023-07-19,183.6699981689453,86.5074234008789,378.6372985839844,437.4527893066406,52.47041702270508
2023-07-20,182.74000549316406,85.82164001464844,369.9088439941406,434.5505065917969,52.16996383666992
2023-07-21,182.17999267578125,85.89289093017578,368.79949951171875,434.5505065917969,52.25189971923828
2023-07-24,181.39999389648438,85.68805694580078,369.3885498046875,436.4917297363281,52.36116409301758
2023-07-25,182.41000366210938,85.52771759033203,371.8922424316406,437.6834411621094,52.561466217041016
2023-07-26,183.3000030517578,85.82164001464844,370.65509033203125,437.75067138671875,52.73445510864258
2023-07-27,180.4199981689453,84.886474609375,369.771484375,434.848388671875,52.397579193115234
2023-07-28,181.86000061035156,85.1625747680664,376.5067443847656,439.1057434082031,53.044010162353516
2023-07-31,182.35000610351562,85.26944732666016,376.7030334472656,439.9417724609375,53.044010162353516
2023-08-01,180.4600067138672,84.77120971679688,375.82928466796875,438.6828918457031,52.41579055786133
2023-08-02,179.60000610351562,84.6015853881836,367.58197021484375,432.5804138183594,51.39606857299805
2023-08-03,179.5399932861328,83.97653198242188,366.9929504394531,431.3406982421875,51.33232498168945
2023-08-04,180.19000244140625,84.86942291259766,365.2747497558594,429.389892578125,51.46889877319336
2023-08-07,179.77999877929688,84.6640396118164,368.3675231933594,433.1377868652344,51.75114059448242
2023-08-08,178.63999938964844,85.09265899658203,365.2354431152344,431.2542419433594,51.32322311401367
2023-08-09,177.7899932861328,85.14623260498047,361.2198486328125,428.3711853027344,51.368751525878906
2023-08-10,177.60000610351562,84.4944076538086,361.8874816894531,428.5249328613281,51.50531768798828
2023-08-11,177.60000610351562,84.04794311523438,359.5802001953125,428.27508544921875,51.10471725463867
2023-08-14,177.05999755859375,83.91403198242188,363.61553955078125,430.6391906738281,50.87709426879883
2023-08-15,176.58999633789062,83.75332641601562,359.7569885253906,425.6227111816406,50.24887466430664
2023-08-16,175.57000732421875,83.43186950683594,355.947509765625,422.49945068359375,49.85736846923828
2023-08-17,175.3000030517578,83.32474517822266,352.0595397949219,419.2799987792969,49.63885498046875
2023-08-18,175.3300018310547,83.57473754882812,351.61767578125,419.4817810058594,49.55691146850586
2023-08-21,175.80999755859375,83.05687713623047,357.2827453613281,422.2111511230469,49.70258712768555
2023-08-22,176.10000610351562,83.09259033203125,356.772216796875,421.0675354003906,49.61154556274414
2023-08-23,177.88999938964844,83.9943618774414,362.39801025390625,425.7572326660156,50.20334243774414
2023-08-24,177.85000610351562,83.68189239501953,354.6515197753906,419.8565979003906,49.64795684814453
2023-08-25,177.6199951171875,83.65509033203125,357.40057373046875,422.8165588378906,49.91199493408203
2023-08-28,178.1300048828125,83.88725280761719,360.0907287597656,425.49774169921875,50.37633514404297
2023-08-29,179.8699951171875,84.48548126220703,367.95513916015625,431.6483154296875,51.022769927978516
2023-08-30,180.32000732421875,84.47654724121094,370.00714111328125,433.4261169433594,51.004554748535156
2023-08-31,180.02000427246094,84.64623260498047,371.1166076660156,432.7917785644531,50.71321105957031
2023-09-01,180.11000061035156,84.1287841796875,370.72381591796875,433.59912109375,50.92262649536133
2023-09-05,178.63999938964844,83.61856079101562,371.195068359375,431.7251281738281,50.48558807373047
2023-09-06,177.8300018310547,83.40371704101562,367.9256286621094,428.8229064941406,50.312599182128906
2023-09-07,178.02000427246094,83.6901626586914,365.29437255859375,427.5062561035156,50.03036117553711
2023-09-08,178.0800018310547,83.70806121826172,365.80487060546875,428.1501770019531,50.00303649902344
2023-09-11,178.41000366210938,83.56486511230469,370.1151123046875,430.9659729003906,50.56753921508789
2023-09-12,177.49000549316406,83.68122863769531,366.0111389160156,428.601806640625,50.358131408691406
2023-09-13,177.0800018310547,83.77967071533203,367.40533447265625,429.1015319824219,50.24887466430664
2023-09-14,177.1699981689453,83.59169006347656,370.40966796875,432.8014221191406,50.80425262451172
2023-09-15,178.33999633789062,83.33208465576172,364.067138671875,427.58697509765625,50.68589401245117
2023-09-18,179.38999938964844,83.41266632080078,364.4466247558594,427.837646484375,50.50741195678711
2023-09-19,179.22000122070312,83.1082763671875,363.6698303222656,426.9504089355469,50.470794677734375
2023-09-20,179.35000610351562,83.0456314086914,358.42926025390625,423.02532958984375,50.31520080566406
2023-09-21,178.0500030517578,82.42794799804688,351.8612365722656,416.03338623046875,49.48224639892578
2023-09-22,178.6199951171875,82.75022888183594,351.91033935546875,415.097900390625,49.67446517944336
2023-09-25,177.6999969482422,82.14151000976562,353.5818176269531,416.8434753417969,49.50055694580078
2023-09-26,176.27999877929688,82.1146469116211,348.27239990234375,410.7195739746094,48.804908752441406
2023-09-27,174.10000610351562,81.74759674072266,349.08856201171875,410.88348388671875,48.7866096496582
2023-09-28,173.22999572753906,81.97139739990234,352.0086364746094,413.2655029296875,49.08866882324219
2023-09-29,171.4499969482422,81.98931884765625,352.26434326171875,412.2625732421875,48.98797607421875
2023-10-02,169.64999389648438,81.3242416381836,355.2041931152344,412.0986022949219,48.35641098022461
2023-10-03,169.16000366210938,80.651123046875,348.97052001953125,406.58221435546875,47.761444091796875
2023-10-04,169.13999938964844,81.1627197265625,353.7195129394531,409.54296875,47.73398971557617
2023-10-05,168.8300018310547,81.31529998779297,352.67724609375,409.3886413574219,48.063507080078125
2023-10-06,169.6999969482422,80.83959197998047,358.5866394042969,414.249267578125,48.65846252441406
2023-10-09,172.82000732421875,81.8717269897461,360.41534423828125,416.9013671875,48.55777359008789
2023-10-10,172.52999877929688,81.7101821899414,362.411376953125,419.0712890625,49.21681213378906
2023-10-11,173.7899932861328,82.158935546875,364.99725341796875,420.78790283203125,49.41818618774414
2023-10-12,173.25999450683594,81.36914825439453,363.7288818359375,418.22259521484375,48.94221496582031
2023-10-13,178.8300018310547,81.88970184326172,359.1568298339844,416.1395263671875,48.59438705444336
2023-10-16,177.9600067138672,81.40501403808594,363.2176208496094,420.5178527832031,48.960514068603516
2023-10-17,178.2899932861328,80.60623931884766,362.02789306640625,420.4985656738281,48.92390823364258
2023-10-18,180.8699951171875,80.22928619384766,357.27886962890625,414.89544677734375,48.090965270996094
2023-10-19,183.08999633789062,79.8343734741211,353.93585205078125,411.24993896484375,47.761444091796875
2023-10-20,183.58999633789062,80.30110168457031,348.6559143066406,406.1965026855469,47.258026123046875
2023-10-23,182.97000122070312,80.67804718017578,349.7078857421875,405.492431640625,47.23971176147461
2023-10-24,182.9499969482422,80.82164764404297,353.1098937988281,408.5495910644531,47.57837677001953
2023-10-25,183.72000122070312,80.11259460449219,344.4673156738281,402.68603515625,47.129886627197266
2023-10-26,184.00999450683594,80.7229232788086,337.8992614746094,397.8639831542969,46.86442947387695
2023-10-27,186.14999389648438,80.84857940673828,339.5216064453125,396.0606384277344,46.736289978027344
2023-10-30,185.10000610351562,80.57930755615234,343.3464050292969,400.79583740234375,47.31293487548828
2023-10-31,184.08999633789062,80.4087905883789,344.9884033203125,403.31298828125,47.34040451049805
2023-11-01,183.50999450683594,81.33491516113281,350.9762878417969,407.6141357421875,47.80720901489258
2023-11-02,184.1199951171875,81.83890533447266,357.34765625,415.42584228515625,48.77745056152344
2023-11-03,184.7899932861328,82.46893310546875,361.5461120605469,419.2159729003906,49.43648910522461
2023-11-06,183.35000610351562,81.991943359375,363.0209045410156,420.1803283691406,49.381568908691406
2023-11-07,182.58999633789062,82.45994567871094,366.4524230957031,421.3761901855469,49.07951354980469
2023-11-08,180.77000427246094,82.79293823242188,366.68841552734375,421.6847839355469,48.93305969238281
2023-11-09,181.49000549316406,81.97393798828125,363.8665771484375,418.39617919921875,48.832374572753906
2023-11-10,179.50999450683594,82.06391906738281,372.0470886230469,424.9252014160156,49.08866882324219
2023-11-13,180.50999450683594,82.0189208984375,370.8868103027344,424.5201110839844,49.18935012817383
2023-11-14,182.1199951171875,83.25196075439453,378.8707275390625,432.7561340332031,50.43417739868164
2023-11-15,181.63999938964844,82.60393524169922,379.1558837890625,433.6722717285156,50.51656723022461
2023-11-16,183.69000244140625,83.22498321533203,379.4803771972656,434.20269775390625,50.29689025878906
2023-11-17,183.6699981689453,83.2789306640625,379.56884765625,434.7428283691406,50.81862258911133
2023-11-20,183.3699951171875,83.3959732055664,384.1900329589844,438.0892333984375,51.11152267456055
2023-11-21,185.35000610351562,83.50395965576172,381.9581298828125,437.13446044921875,50.882686614990234
2023-11-22,184.55999755859375,83.47698211669922,383.521484375,438.8221740722656,50.9284553527832
2023-11-24,185.52000427246094,83.04493713378906,382.98065185546875,439.09222412109375,51.20305252075195
2023-11-27,186.77000427246094,83.67496490478516,382.6463623046875,438.3014221191406,51.04744338989258
2023-11-28,189.25999450683594,84.0439453125,383.6492614746094,438.7354431152344,51.22135543823242
2023-11-29,189.5399932861328,84.48499298095703,383.2756652832031,438.42681884765625,51.20305252075195
2023-11-30,188.75,84.07098388671875,382.31207275390625,440.153076171875,51.23966979980469
2023-12-01,192.00999450683594,84.86421966552734,383.4034118652344,442.7569580078125,51.70648193359375
2023-12-04,187.86000061035156,84.51225280761719,379.8440856933594,440.4327697753906,51.24882507324219
2023-12-05,187.14999389648438,85.10786437988281,380.7978820800781,440.3459777832031,51.08405303955078
2023-12-06,187.83999633789062,85.45979309082031,378.5954284667969,438.5715026855469,51.138973236083984
2023-12-07,188.14999389648438,85.33346557617188,383.88525390625,441.91796875,51.39527130126953
2023-12-08,185.63999938964844,84.78298950195312,385.5960693359375,443.81787109375,51.3861198425293
2023-12-11,183.58999633789062,84.79203033447266,388.889892578125,445.5440979003906,51.49595642089844
2023-12-12,183.49000549316406,84.97249603271484,391.9871520996094,447.5789794921875,51.55087661743164
2023-12-13,187.6300048828125,86.23589324951172,396.9720764160156,453.7510986328125,52.301429748535156
2023-12-14,188.72999572753906,86.9527359008789,396.6280212402344,455.2074279785156,52.83232879638672
2023-12-15,187.0,86.88032531738281,398.5453186035156,454.4579162597656,52.35634994506836
2023-12-18,187.85000610351562,86.69026184082031,401.0556335449219,457.0143127441406,52.45576858520508
2023-12-19,189.1300048828125,86.8531723022461,403.1048278808594,459.7933044433594,52.92959976196289
2023-12-20,188.10000610351562,87.27857208251953,397.11480712890625,453.4219055175781,52.26066970825195
2023-12-21,189.42999267578125,87.1427993774414,401.7353820800781,457.72119140625,53.18045425415039
2023-12-22,190.27000427246094,87.06135559082031,402.3363952636719,458.64105224609375,53.19902801513672
2023-12-26,191.72000122070312,87.11563873291016,404.79937744140625,460.5776062011719,53.45917510986328
2023-12-27,192.58999633789062,87.79447174072266,405.6234130859375,461.4103698730469,53.784358978271484
2023-12-28,191.47000122070312,87.4595947265625,405.42626953125,461.5846862792969,53.812225341796875
2023-12-29,191.1699981689453,87.24234771728516,403.67169189453125,460.2484130859375,53.849388122558594
2024-01-02,190.72000122070312,86.91653442382812,396.84063720703125,457.6727294921875,53.23619842529297
2024-01-03,189.1300048828125,87.12471008300781,392.6415100097656,453.93505859375,52.9017219543457
2024-01-04,189.32000732421875,86.5997543334961,390.62078857421875,452.4728698730469,52.92959976196289
2024-01-05,189.35000610351562,86.282958984375,391.0841369628906,453.09259033203125,52.96676254272461
2024-01-08,187.8699951171875,86.5726089477539,399.1669921875,459.5609436035156,53.40343475341797
2024-01-09,187.92999267578125,86.53639221191406,399.95556640625,458.8637390136719,52.883148193359375
2024-01-10,187.5,86.4006118774414,402.66632080078125,461.45880126953125,53.115413665771484
2024-01-11,187.8699951171875,86.86221313476562,403.5041198730469,461.25555419921875,53.14328384399414
2024-01-12,189.7100067138672,87.0975570678711,403.71112060546875,461.57501220703125,53.329105377197266
2024-01-16,187.91000366210938,86.39156341552734,403.67169189453125,459.88043212890625,52.36286163330078
2024-01-17,185.83999633789062,86.1109848022461,401.3946838378906,457.3240966796875,51.786834716796875
2024-01-18,187.3699951171875,85.9208984375,407.0921630859375,461.3910217285156,52.17704391479492
2024-01-19,187.92999267578125,85.92996978759766,415.1651916503906,467.14276123046875,52.43718719482422
2024-01-22,187.22000122070312,86.19247436523438,415.7073059082031,468.13055419921875,52.4093132019043
2024-01-23,187.9499969482422,85.97523498535156,417.4323425292969,469.4957580566406,52.44648361206055
2024-01-24,186.39999389648438,85.7308578491211,419.7487487792969,470.009033203125,52.8181037902832
2024-01-25,187.13999938964844,86.10194396972656,420.26141357421875,472.5653991699219,52.95746612548828
2024-01-26,187.00999450683594,85.94808959960938,417.75762939453125,471.9649963378906,53.12471008300781
2024-01-29,188.3300018310547,86.4639663696289,422.03564453125,475.70263671875,53.37555694580078
2024-01-30,188.58999633789062,86.58165740966797,419.2263488769531,475.3347473144531,53.20832824707031
2024-01-31,188.4499969482422,87.30573272705078,411.01531982421875,467.5785217285156,52.92959976196289
2024-02-01,190.41000366210938,87.84648132324219,415.855224609375,473.6982421875,53.42201232910156
2024-02-02,188.61000061035156,86.7032699584961,422.8833923339844,478.6851501464844,53.05038070678711
2024-02-05,187.57000732421875,85.85945129394531,422.3313903808594,476.942138671875,52.8181037902832
2024-02-06,188.5500030517578,86.32220458984375,421.483642578125,478.3268127441406,53.37555694580078
2024-02-07,188.5,86.16793823242188,425.8208312988281,482.3162841796875,53.38484191894531
2024-02-08,188.3300018310547,85.88666534423828,426.6094055175781,482.529296875,53.24549102783203
2024-02-09,187.60000610351562,85.73242950439453,430.8085632324219,485.3180236816406,53.46846008300781
2024-02-12,187.11000061035156,85.8141098022461,429.1230163574219,485.10498046875,53.62640380859375
2024-02-13,184.52999877929688,84.87047576904297,422.4299011230469,478.423583984375,52.67875671386719
2024-02-14,184.4199981689453,85.18802642822266,427.0332336425781,482.7713623046875,53.329105377197266
2024-02-15,185.66000366210938,85.4239273071289,428.3047790527344,486.1023254394531,53.849388122558594
2024-02-16,186.33999633789062,85.05194854736328,424.421142578125,483.68157958984375,53.96087646484375
2024-02-20,187.47000122070312,85.1971206665039,421.217529296875,481.01873779296875,54.128108978271484
2024-02-21,187.47999572753906,84.9249038696289,419.5319519042969,481.4544982910156,54.183860778808594
2024-02-22,187.55999755859375,84.93399047851562,431.8139953613281,491.4183349609375,54.74130630493164
2024-02-23,188.6199951171875,85.32412719726562,430.5423889160156,491.75732421875,54.7691764831543
2024-02-26,188.1999969482422,85.1971206665039,430.315673828125,489.9562683105469,54.64840316772461
2024-02-27,188.0,85.00657653808594,431.3507385253906,490.8664245605469,54.7505989074707
2024-02-28,188.33999633789062,85.31504821777344,429.0539245605469,490.2176818847656,54.35108947753906
2024-02-29,189.30999755859375,85.48744201660156,432.730712890625,491.97998046875,54.47187042236328
2024-03-01,192.88999938964844,85.87772369384766,439.2463073730469,496.5988464355469,55.09435272216797
2024-03-04,196.00999450683594,85.68665313720703,437.6790466308594,496.0663146972656,54.927120208740234
2024-03-05,197.19000244140625,86.21432495117188,429.8228454589844,491.1085205078125,54.722721099853516
2024-03-06,198.80999755859375,86.4235610961914,432.52374267578125,493.59710693359375,55.42881774902344
2024-03-07,199.94000244140625,86.56909942626953,439.0886535644531,498.49676513671875,55.958396911621094
2024-03-08,201.6300048828125,86.63279724121094,432.7503967285156,495.5046691894531,55.80044937133789
2024-03-11,202.0,86.52364349365234,431.1437072753906,495.0786437988281,55.61463928222656
2024-03-12,199.7899932861328,86.16885375976562,437.3241271972656,500.4044189453125,56.06988525390625
2024-03-13,201.19000244140625,85.977783203125,433.962890625,499.6199951171875,55.98626708984375
2024-03-14,200.35000610351562,85.34100341796875,432.8687744140625,498.6323547363281,55.63322067260742
2024-03-15,199.7100067138672,85.1954345703125,427.7232971191406,495.20843505859375,55.57166290283203
2024-03-18,200.02999877929688,85.0953598022461,431.8026428222656,498.1515197753906,55.580997467041016
2024-03-19,199.8000030517578,85.34100341796875,432.87847900390625,500.9197692871094,55.59964370727539
2024-03-20,202.17999267578125,85.5411148071289,438.0109558105469,505.5530090332031,56.19648361206055
2024-03-21,201.97000122070312,85.55021667480469,440.0837707519531,507.2236633300781,56.205814361572266
2024-03-22,200.35000610351562,85.96869659423828,440.587158203125,506.2621154785156,55.99132537841797
2024-03-25,200.99000549316406,85.74125671386719,438.9881896972656,504.8633117675781,55.94469451904297
2024-03-26,201.63999938964844,85.86862182617188,437.56683349609375,503.930908203125,55.94469451904297
2024-03-27,203.10000610351562,86.19613647460938,439.0572204589844,508.1658630371094,56.25243377685547
2024-03-28,205.72000122070312,86.11424255371094,438.24786376953125,508.06866455078125,56.23379135131836
2024-04-01,207.82000732421875,85.33509063720703,439.1756896972656,507.184814453125,56.13120651245117
2024-04-02,210.88999938964844,85.152587890625,435.3854675292969,503.96002197265625,55.8980598449707
2024-04-03,212.74000549316406,85.25293731689453,436.36260986328125,504.5136413574219,56.14053726196289
2024-04-04,211.52000427246094,85.54492950439453,429.6904296875,498.3554992675781,55.7581787109375
2024-04-05,215.13999938964844,84.97925567626953,434.7538146972656,503.5616760253906,55.963348388671875
2024-04-08,216.47999572753906,84.78766632080078,434.88214111328125,503.84344482421875,56.24311828613281
2024-04-09,217.6699981689453,85.12522888183594,436.4909973144531,504.4262390136719,56.3923225402832
2024-04-10,215.61000061035156,83.99388122558594,432.6810607910156,499.3753967285156,55.59964370727539
2024-04-11,219.8000030517578,83.87527465820312,439.59027099609375,503.1441345214844,55.79548263549805
2024-04-12,216.88999938964844,84.22196197509766,432.5823669433594,496.19915771484375,54.82561492919922
2024-04-15,220.9499969482422,83.68367004394531,425.4659729003906,489.9827880859375,54.57382583618164
2024-04-16,221.22000122070312,83.35519409179688,425.50543212890625,489.0891418457031,53.95832061767578
2024-04-17,219.58999633789062,83.88439178466797,420.3136901855469,486.1945495605469,53.99562454223633
2024-04-18,220.33999633789062,83.59241485595703,417.91522216796875,485.194091796875,54.00495529174805
2024-04-19,221.02999877929688,83.70189666748047,409.2689514160156,480.95916748046875,53.98630142211914
2024-04-22,215.57000732421875,83.71104431152344,413.3847961425781,485.3883972167969,54.545841217041016
2024-04-23,215.0399932861328,83.8205337524414,419.5537109375,491.14825439453125,55.068077087402344
2024-04-24,214.63999938964844,83.56503295898438,420.9750061035156,490.9151916503906,54.99347686767578
2024-04-25,215.9199981689453,83.2457275390625,418.9418029785156,489.05023193359375,54.89088821411133
2024-04-26,216.6199951171875,83.47380828857422,425.40673828125,493.68341064453125,55.338523864746094
2024-04-29,216.17999267578125,83.81138610839844,427.134033203125,495.4317932128906,55.68357849121094
2024-04-30,211.8699951171875,83.4190673828125,419.0799255371094,487.5835876464844,54.928199768066406
2024-05-01,213.7899932861328,83.74943542480469,416.04974365234375,486.0003356933594,54.88156509399414
2024-05-02,213.1300048828125,84.14291381835938,421.3599548339844,490.54608154296875,55.82345962524414
2024-05-03,212.9600067138672,84.609619140625,429.82861328125,496.6265869140625,56.317718505859375
2024-05-06,215.1999969482422,84.68281555175781,434.5367126464844,501.755126953125,56.62547302246094
2024-05-07,214.2100067138672,84.90242004394531,434.6057434082031,502.3087463378906,56.588165283203125
2024-05-08,213.5800018310547,84.66449737548828,434.3491516113281,502.3572998046875,56.51355743408203
2024-05-09,216.9499969482422,84.92076110839844,435.2967224121094,505.2518615722656,56.858604431152344
2024-05-10,218.7100067138672,84.64622497558594,436.32318115234375,505.9027404785156,56.93320846557617
2024-05-13,216.25999450683594,84.74687957763672,437.3299560546875,505.97052001953125,57.02647018432617
2024-05-14,218.08999633789062,84.99394989013672,440.14300537109375,508.29205322265625,57.38085174560547
2024-05-15,220.88999938964844,85.63452911376953,447.02252197265625,514.5863037109375,57.959041595458984
2024-05-16,220.02999877929688,85.46980285644531,446.114501953125,513.5275268554688,57.76320266723633
2024-05-17,223.66000366210938,85.20442199707031,445.8973388671875,514.265869140625,58.01498794555664
2024-05-20,224.55999755859375,85.0763168334961,449.0064697265625,514.858154296875,58.01498794555664
2024-05-21,224.22999572753906,85.29595184326172,449.8848876953125,516.1209716796875,57.847129821777344
2024-05-22,220.11000061035156,85.18614196777344,449.7960510253906,514.6348876953125,57.4088249206543
2024-05-23,215.72000122070312,84.88414001464844,447.7726135253906,510.8758239746094,57.02647018432617
2024-05-24,215.9199981689453,84.99394989013672,452.0069580078125,514.2559204101562,57.483421325683594
2024-05-28,218.19000244140625,84.51809692382812,453.71453857421875,514.6153564453125,57.46478271484375
2024-05-29,216.16000366210938,84.10633850097656,450.5166320800781,511.01177978515625,56.504234313964844
2024-05-30,216.57000732421875,84.52725982666016,445.6900634765625,507.6218566894531,56.858604431152344
2024-05-31,215.3000030517578,84.92076110839844,444.86090087890625,512.2454833984375,57.13837814331055
2024-06-03,217.22000122070312,85.4769515991211,447.2495422363281,512.6630859375,57.38085174560547
2024-06-04,215.27000427246094,85.9450454711914,448.47344970703125,513.2361450195312,57.00782775878906
2024-06-05,217.82000732421875,86.2571029663086,457.5145263671875,519.3359985351562,57.52073287963867
2024-06-06,219.42999267578125,86.22037506103516,457.356689453125,519.3262939453125,57.70724868774414
2024-06-07,211.60000610351562,85.31173706054688,456.9519958496094,518.6949462890625,57.054447174072266
2024-06-10,213.5399932861328,85.1281967163086,458.79766845703125,520.2974853515625,57.20366287231445
2024-06-11,214.14999389648438,85.57791900634766,461.94622802734375,521.5506591796875,56.69075012207031
2024-06-12,214.72000122070312,86.05516815185547,467.9967346191406,525.8341064453125,57.28759002685547
2024-06-13,212.97000122070312,86.62421417236328,470.5333557128906,526.8930053710938,56.69075012207031
2024-06-14,215.72999572753906,86.8261489868164,472.9713439941406,527.2134399414062,56.37367248535156
2024-06-17,214.61000061035156,86.42230224609375,478.7651672363281,531.4095458984375,56.56951904296875
2024-06-18,215.47000122070312,86.79861450195312,478.91326904296875,532.7597045898438,56.83062744140625
2024-06-20,218.16000366210938,86.57833862304688,475.22174072265625,531.3123168945312,56.793331146240234
2024-06-21,214.77999877929688,86.59669494628906,473.948486328125,530.6001586914062,56.45867919921875
2024-06-24,215.6300048828125,86.67011260986328,468.55279541015625,528.875244140625,56.87228775024414
2024-06-25,214.55999755859375,86.7435302734375,473.9109802246094,530.9119262695312,56.87228775024414
2024-06-26,212.5800018310547,86.22037506103516,474.8896179199219,531.5745239257812,56.53388214111328
2024-06-27,214.99000549316406,86.41311645507812,476.115478515625,532.4126586914062,56.63728332519531
2024-06-28,215.00999450683594,85.95421600341797,473.6440124511719,530.3175659179688,56.684288024902344
2024-07-01,215.57000732421875,85.31436920166016,476.42193603515625,531.4089965820312,56.750091552734375
2024-07-02,215.55999755859375,85.6365966796875,481.42425537109375,534.985107421875,56.96630096435547
2024-07-03,217.99000549316406,86.20738983154297,485.43792724609375,537.3726196289062,57.64311981201172
2024-07-05,220.92999267578125,86.68611907958984,490.49951171875,540.4712524414062,57.934539794921875
2024-07-08,218.19000244140625,86.7137222290039,491.66607666015625,541.094970703125,57.76533508300781
2024-07-09,218.55999755859375,86.59406280517578,492.0910949707031,541.62109375,57.661930084228516
2024-07-10,219.36000061035156,86.6769027709961,497.2218933105469,546.9806518554688,58.3387451171875
2024-07-11,223.25,87.22927856445312,486.3177490234375,542.2642822265625,58.611358642578125
2024-07-12,223.11000061035156,87.41340637207031,489.1747741699219,545.6845703125,59.11898422241211
2024-07-15,223.8300018310547,87.1372299194336,490.4896240234375,547.1853637695312,58.630165100097656
2024-07-16,228.2899932861328,87.52388000488281,490.6774597167969,550.4302368164062,58.95917510986328
2024-07-17,227.22999572753906,87.5975341796875,476.2736511230469,542.7124633789062,58.507957458496094
2024-07-18,225.77999877929688,87.34893035888672,474.0196533203125,538.5418090820312,57.943931579589844
2024-07-19,221.72999572753906,87.07278442382812,469.81817626953125,534.9656372070312,57.55851745605469
2024-07-22,221.8000030517578,86.98992156982422,476.8173828125,540.4811401367188,58.08494186401367
2024-07-23,222.5800018310547,87.05435180664062,475.13677978515625,539.6333618164062,57.73712158203125
2024-07-24,221.8000030517578,86.86103057861328,458.09344482421875,527.4039306640625,57.01329803466797
2024-07-25,218.3300018310547,87.05435180664062,453.04180908203125,524.6559448242188,56.731285095214844
2024-07-26,220.6300048828125,87.4686508178711,457.6881103515625,530.5319213867188,57.445716857910156
2024-07-29,220.32000732421875,87.61595153808594,458.6075134277344,530.8436279296875,57.2013053894043
2024-07-30,222.52000427246094,87.80006408691406,452.3102111816406,528.1542358398438,57.22951126098633
2024-07-31,226.5500030517578,88.44451141357422,465.69580078125,536.7391357421875,58.16954803466797
2024-08-01,225.77000427246094,88.82218933105469,454.4159240722656,529.138427734375,56.853492736816406
2024-08-02,225.33999633789062,90.19804382324219,443.6303405761719,519.2868041992188,55.88525390625
2024-08-05,222.47999572753906,90.2903823852539,430.4030456542969,504.16314697265625,54.55039978027344
2024-08-06,220.6999969482422,89.4870376586914,434.5155944824219,508.8114013671875,54.7196044921875
2024-08-07,220.5500030517578,89.1638412475586,429.80987548828125,505.41046142578125,55.029815673828125
2024-08-08,224.00999450683594,88.89604949951172,442.9581298828125,517.0941772460938,56.054466247558594
2024-08-09,224.55999755859375,89.25618743896484,445.271484375,519.3743896484375,56.24246597290039
2024-08-12,228.41000366210938,89.5055160522461,446.23040771484375,519.647216796875,56.28947067260742
2024-08-13,228.05999755859375,89.90254974365234,457.3026123046875,528.1931762695312,57.11669921875
2024-08-14,226.1999969482422,90.02259063720703,457.450927734375,529.8594360351562,57.135501861572266
2024-08-15,226.91000366210938,89.45931243896484,469.0075378417969,538.94140625,57.84053039550781
2024-08-16,231.99000549316406,89.63477325439453,469.6105651855469,540.149658203125,58.21654510498047
2024-08-19,231.61000061035156,89.75482940673828,475.779296875,545.3143310546875,58.87457275390625
2024-08-20,232.4600067138672,90.11494445800781,474.7809143066406,544.4276733398438,58.59256362915039
2024-08-21,232.14999389648438,90.29962158203125,476.9953308105469,546.298583984375,59.071983337402344
2024-08-22,229.3699951171875,89.88408660888672,469.4326477050781,542.0109252929688,58.601959228515625
2024-08-23,232.02000427246094,90.29962158203125,474.52386474609375,547.77001953125,59.63600158691406
2024-08-26,232.75999450683594,90.18882751464844,469.9169921875,546.4641723632812,59.3539924621582
2024-08-27,233.38999938964844,90.15186309814453,471.3208312988281,547.2145385742188,59.56079864501953
2024-08-28,231.75,90.10572052001953,465.9725341796875,544.037841796875,59.250587463378906
2024-08-29,232.9499969482422,89.94874572753906,465.2904357910156,544.0864868164062,59.4009895324707
2024-08-30,231.2899932861328,89.63477325439453,470.8363952636719,549.2803955078125,59.57019805908203
2024-09-03,230.2899932861328,90.22566223144531,456.5414123535156,537.976806640625,58.56435775756836
2024-09-04,230.42999267578125,90.75354766845703,455.3550720214844,536.8756103515625,58.4421501159668
2024-09-05,232.35000610351562,90.96659088134766,455.7801818847656,535.5697631835938,58.53615951538086
2024-09-06,230.6300048828125,91.09622955322266,443.5710754394531,526.5560302734375,57.45511245727539
2024-09-09,231.60000610351562,91.22590637207031,449.2752685546875,532.4515380859375,58.04733657836914
2024-09-10,232.6199951171875,91.61489868164062,453.4272766113281,534.770751953125,57.81233215332031
2024-09-11,232.25,91.5500259399414,463.27362060546875,540.2570190429688,58.14134979248047
2024-09-12,236.3300018310547,91.40189361572266,467.8211975097656,544.8075561523438,58.66777038574219
2024-09-13,238.67999267578125,91.57783508300781,469.9169921875,547.653076171875,58.82757568359375
2024-09-16,238.66000366210938,91.81864166259766,467.84100341796875,548.4617919921875,59.21299362182617
2024-09-17,237.33999633789062,91.65193176269531,468.088134765625,548.6859130859375,59.02497863769531
2024-09-18,235.50999450683594,91.2536849975586,466.0615234375,547.0586547851562,58.82757568359375
2024-09-19,239.1699981689453,91.1795883178711,477.845458984375,556.3938598632812,59.97441864013672
2024-09-20,242.2100067138672,91.15182495117188,476.9360046386719,555.4320678710938,59.55147933959961
2024-09-23,242.67999267578125,91.09622955322266,478.20025634765625,556.8200073242188,59.863014221191406
2024-09-24,246.07000732421875,91.19811248779297,480.50689697265625,558.413330078125,60.69379425048828
2024-09-25,245.72999572753906,90.82766723632812,480.9523620605469,557.181640625,60.231204986572266
2024-09-26,246.97999572753906,90.76280975341797,484.5657653808594,559.3907470703125,61.713382720947266
2024-09-27,245.02000427246094,91.1240234375,481.8730163574219,558.5794067382812,61.439605712890625
2024-09-30,243.05999755859375,90.87397766113281,483.1798095703125,560.8177490234375,61.11861801147461
2024-10-01,245.61000061035156,91.20463562011719,476.4479064941406,555.793701171875,60.9581298828125
2024-10-02,245.66000366210938,90.94454956054688,477.12115478515625,556.0283813476562,61.17527389526367
2024-10-03,245.49000549316406,90.4801254272461,476.7647399902344,555.0117797851562,60.533302307128906
2024-10-04,245.0,89.60700225830078,482.4373474121094,560.055419921875,60.99589538574219
2024-10-07,244.1699981689453,89.28192138671875,477.2696533203125,554.9922485351562,60.873172760009766
2024-10-08,242.3699951171875,89.356201171875,484.3974914550781,560.2411499023438,60.29729080200195
2024-10-09,241.0500030517578,89.02181243896484,488.208984375,564.1215209960938,60.231204986572266
2024-10-10,242.82000732421875,89.01252746582031,487.654541015625,563.1343383789062,60.174564361572266
2024-10-11,245.47000122070312,89.04039764404297,488.4168395996094,566.5064697265625,60.523868560791016
2024-10-14,245.07000732421875,88.88248443603516,492.5153503417969,571.1397094726562,60.561622619628906
2024-10-15,245.9199981689453,89.33763885498047,485.9319763183594,566.7021484375,59.59868240356445
2024-10-16,247.14999389648438,89.47698211669922,485.99139404296875,569.1652221679688,59.90077590942383
2024-10-17,248.6300048828125,89.01252746582031,486.3279724121094,569.2140502929688,59.80636978149414
2024-10-18,251.27000427246094,89.11469268798828,489.5157165527344,571.4036254882812,60.28784942626953
2024-10-21,251.22000122070312,88.4273452758789,490.45623779296875,570.4652099609375,59.693092346191406
2024-10-22,253.92999267578125,88.34375762939453,490.99078369140625,570.1622314453125,59.45706558227539
2024-10-23,250.8699951171875,88.139404296875,483.4668884277344,564.9523315429688,58.92839431762695
2024-10-24,252.8000030517578,88.33444213867188,487.3872375488281,566.1741333007812,59.05112838745117
2024-10-25,253.32000732421875,88.139404296875,490.357177734375,565.9786376953125,58.89063262939453
2024-10-28,253.3300018310547,87.93504333496094,490.43634033203125,567.7283935546875,59.28714370727539
2024-10-29,256.0899963378906,87.97222900390625,495.148681640625,568.6471557617188,59.07945251464844
2024-10-30,257.5,87.8421859741211,491.40655517578125,566.9268798828125,58.730140686035156
2024-10-31,253.50999450683594,87.79573822021484,479.0020751953125,555.8132934570312,58.390281677246094
2024-11-01,252.47000122070312,87.27580261230469,482.5462341308594,558.1591186523438,58.456363677978516
2024-11-04,252.8300018310547,87.74168395996094,481.1404724121094,556.9569091796875,58.6357421875
2024-11-05,253.39999389648438,87.78828430175781,487.2783203125,563.6914672851562,59.2776985168457
2024-11-06,245.6999969482422,86.88449096679688,500.514404296875,577.7080078125,58.560211181640625
2024-11-07,249.64999389648438,87.5832748413086,508.3946228027344,582.1749877929688,59.57035446166992
2024-11-08,247.9600067138672,87.7696304321289,508.9886474609375,584.6966552734375,58.5790901184082
2024-11-11,242.13999938964844,87.52739715576172,508.69171142578125,585.25390625,58.503570556640625
2024-11-12,240.0500030517578,86.9776382446289,507.7709045410156,583.4357299804688,57.54063415527344
2024-11-13,237.6300048828125,86.9217758178711,507.1175537109375,583.7192993164062,57.24795913696289
2024-11-14,237.00999450683594,86.91244506835938,503.5932312011719,579.9658813476562,57.18187713623047
2024-11-15,236.58999633789062,86.94970703125,491.5946350097656,572.537353515625,57.03083038330078
2024-11-18,241.08999633789062,87.14537811279297,495.01007080078125,574.88330078125,57.399017333984375
2024-11-19,243.25,87.33171081542969,498.4156188964844,576.9846801757812,57.41789627075195
2024-11-20,244.6199951171875,87.20127868652344,498.1285095214844,577.1801147460938,57.276283264160156
2024-11-21,246.66000366210938,87.15470123291016,499.9203796386719,580.2786865234375,57.30460739135742
2024-11-22,249.83999633789062,87.2105941772461,500.7222900390625,582.0772094726562,57.50286102294922
2024-11-25,242.47999572753906,88.15165710449219,501.5142822265625,584.0516357421875,57.691673278808594
2024-11-26,242.9499969482422,87.96529388427734,504.20703125,587.1012573242188,57.399017333984375
2024-11-27,243.49000549316406,88.31936645507812,500.2371520996094,585.3223876953125,57.653907775878906
2024-11-29,245.58999633789062,88.69205474853516,504.6327209472656,588.9583740234375,58.25811004638672
2024-12-02,243.44000244140625,88.68457794189453,510.1270751953125,590.0139770507812,58.371402740478516
2024-12-03,243.92999267578125,88.43223571777344,511.6911926269531,590.2877197265625,58.616859436035156
2024-12-04,244.6699981689453,88.76870727539062,518.0172119140625,593.9530639648438,58.62629318237305
2024-12-05,242.86000061035156,88.75934600830078,516.5818481445312,592.9757080078125,58.985042572021484
2024-12-06,242.9499969482422,89.03973388671875,521.2049560546875,594.0997924804688,58.881195068359375
2024-12-09,245.36000061035156,88.7313232421875,517.14599609375,591.0403442382812,59.202171325683594
2024-12-10,248.58999633789062,88.57244110107422,515.3838500976562,589.2027587890625,58.560211181640625
2024-12-11,250.9600067138672,88.31074523925781,524.6104125976562,593.7576293945312,58.91896057128906
2024-12-12,247.27999877929688,87.97427368164062,521.224853515625,590.6983032226562,58.390281677246094
2024-12-13,244.2899932861328,87.56304931640625,525.2144165039062,590.5808715820312,58.24867248535156
2024-12-16,244.8800048828125,87.59111022949219,532.77783203125,593.1027221679688,58.050418853759766
2024-12-17,243.94000244140625,87.59111022949219,530.4315795898438,590.6591796875,57.84272384643555
2024-12-18,239.25999450683594,86.91409301757812,511.2952880859375,573.055419921875,56.464393615722656
2024-12-19,239.60000610351562,86.52025604248047,509.01824951171875,572.8794555664062,56.464393615722656
2024-12-20,242.10000610351562,86.83907318115234,513.4632568359375,579.7603149414062,56.536407470703125
2024-12-23,240.9600067138672,86.45462036132812,518.4658203125,583.2320556640625,56.862876892089844
2024-12-24,241.44000244140625,86.50151824951172,525.4961547851562,589.7147216796875,57.045318603515625
2024-12-26,243.07000732421875,86.56713104248047,525.1390991210938,589.7540283203125,57.1605339050293
2024-12-27,241.39999389648438,86.34209442138672,518.1583862304688,583.5460205078125,57.035709381103516
2024-12-30,240.6300048828125,86.84845733642578,511.2669372558594,576.8866577148438,56.651634216308594
2024-12-31,242.1300048828125,86.68903350830078,506.92388916015625,574.7880249023438,56.584415435791016
2025-01-02,245.4199981689453,86.73592376708984,505.93231201171875,573.375732421875,56.48839569091797
2025-01-03,243.49000549316406,86.59527587890625,514.2120361328125,580.5448608398438,56.78606033325195
2025-01-06,243.19000244140625,86.51087951660156,520.1217651367188,583.8890991210938,57.22775650024414
2025-01-07,244.55999755859375,86.11705017089844,510.8406066894531,577.2888793945312,56.96849822998047
2025-01-08,245.86000061035156,86.26708984375,510.9299011230469,578.13232421875,56.84367370605469
2025-01-10,248.2100067138672,85.63882446289062,502.9179382324219,569.3056640625,55.91228103637695
2025-01-13,245.74000549316406,85.48880004882812,501.30169677734375,570.1883544921875,55.70103454589844
2025-01-14,247.02999877929688,85.51693725585938,500.8257141113281,570.9729614257812,56.008296966552734
2025-01-15,248.8800048828125,86.4171142578125,512.3478393554688,581.35888671875,56.67083740234375
2025-01-16,250.60000610351562,86.6234130859375,508.7583312988281,580.2408447265625,56.853271484375
2025-01-17,249.27000427246094,86.68903350830078,517.3453369140625,586.0664672851562,57.1317253112793
2025-01-21,253.1300048828125,86.97972869873047,520.379638671875,591.4309692382812,58.11113739013672
2025-01-22,254.42999267578125,86.75468444824219,527.0330810546875,594.7557373046875,57.98630142211914
2025-01-23,254.07000732421875,86.5296401977539,528.1535034179688,598.001953125,58.36077880859375
2025-01-24,255.64999389648438,86.70780181884766,525.1688842773438,596.2561645507812,58.64884567260742
2025-01-27,252.99000549316406,87.27041625976562,509.8787841796875,587.8218994140625,58.30317306518555
2025-01-28,255.17999267578125,87.27978515625,517.4148559570312,592.8726806640625,58.370384216308594
2025-01-29,254.1999969482422,87.1766586303711,516.4429931640625,590.21484375,58.37998962402344
2025-01-30,258.04998779296875,87.36416625976562,518.644287109375,593.3826293945312,59.080928802490234
2025-01-31,258.55999755859375,87.22352600097656,517.8907470703125,590.2247314453125,58.495208740234375
2025-02-03,259.94000244140625,87.28560638427734,513.7459716796875,586.252685546875,57.90949249267578
2025-02-04,262.5,87.50196838378906,520.0523071289062,590.185546875,58.64884567260742
2025-02-05,264.1300048828125,88.00993347167969,522.4122314453125,592.5784301757812,59.032920837402344
2025-02-06,263.42999267578125,87.90645599365234,525.1390991210938,594.6380004882812,59.29216766357422
2025-02-07,263.8999938964844,87.61483764648438,518.515380859375,589.1950073242188,58.9080924987793
2025-02-10,268.3699951171875,87.59603881835938,524.7921142578125,593.1962890625,59.37858963012695
2025-02-11,267.3900146484375,87.37027740478516,523.542724609375,593.6473999023438,59.48421096801758
2025-02-12,267.6700134277344,86.76825714111328,523.85009765625,591.7349853515625,59.64744567871094
2025-02-13,270.30999755859375,87.41732025146484,531.3861694335938,597.9822998046875,60.290775299072266
2025-02-14,266.2900085449219,87.78416442871094,533.6171264648438,597.9528198242188,60.406005859375
2025-02-18,270.70001220703125,87.31381225585938,534.826904296875,599.7083129882812,60.76127624511719
2025-02-19,270.8500061035156,87.45494842529297,534.9756469726562,601.12060546875,60.357994079589844
2025-02-20,270.989990234375,87.63365173339844,532.704833984375,598.6198120117188,60.722862243652344
2025-02-21,270.739990234375,88.15103912353516,521.6488647460938,588.3809814453125,60.32918930053711
2025-02-24,272.2099914550781,88.33917236328125,515.4910888671875,585.7034912109375,60.03152847290039
2025-02-25,268.6199951171875,89.03527069091797,508.9963073730469,582.7908325195312,60.367591857910156
2025-02-26,269.0299987792969,89.27985382080078,510.225830078125,583.0848999023438,60.55002975463867
2025-02-27,264.92999267578125,89.17638397216797,496.05621337890625,573.77783203125,59.743465423583984
2025-02-28,263.2699890136719,89.66551971435547,503.8896484375,582.7318725585938,59.580230712890625
2025-03-03,266.739990234375,89.9909896850586,492.86334228515625,572.5223999023438,59.78187942504883
2025-03-04,269.05999755859375,89.70796966552734,491.3759765625,565.7455444335938,59.81068420410156
2025-03-05,269.6199951171875,89.2079849243164,497.7815856933594,571.826171875,61.308589935302734
2025-03-06,268.25,89.16079711914062,484.087890625,561.675537109375,60.81888961791992
2025-03-07,268.3900146484375,89.04759216308594,487.6476135253906,564.82373046875,61.33739471435547
2025-03-10,266.0400085449219,89.67023468017578,468.7481994628906,549.779296875,59.94511032104492
2025-03-11,269.1600036621094,89.34949493408203,467.627685546875,545.2090454101562,59.8970947265625
2025-03-12,270.3299865722656,89.0853500366211,472.9029235839844,548.1021728515625,60.30998229980469
2025-03-13,275.1300048828125,89.4438247680664,464.3951721191406,540.7957153320312,59.94511032104492
2025-03-14,275.239990234375,89.13249969482422,475.6197814941406,551.96630859375,61.010929107666016
2025-03-17,276.7300109863281,89.2079849243164,478.70361328125,556.2227172851562,61.80789566040039
2025-03-18,279.9599914550781,89.3117446899414,470.5429382324219,550.2108154296875,61.731075286865234
2025-03-19,281.1099853515625,89.58534240722656,476.8394470214844,556.203125,61.89430618286133
2025-03-20,280.75,89.71741485595703,475.2232360839844,554.5946655273438,61.41421127319336
2025-03-21,278.489990234375,89.64193725585938,476.78985595703125,554.7776489257812,61.11662292480469
2025-03-24,277.25,89.1230697631836,487.252685546875,564.712890625,61.212928771972656
2025-03-25,278.4700012207031,89.2740249633789,490.0332336425781,566.0703125,61.4151725769043
2025-03-26,278.239990234375,89.06648254394531,481.0163269042969,559.3125,60.779541015625
2025-03-27,281.9700012207031,88.99101257324219,478.2754821777344,557.8270874023438,60.91437911987305
2025-03-28,284.05999755859375,89.70796966552734,465.68353271484375,546.5933837890625,60.201698303222656
2025-03-31,288.1400146484375,89.97212982177734,465.6636657714844,550.2625732421875,59.80683898925781
2025-04-01,287.57000732421875,90.28824615478516,469.41741943359375,551.8167724609375,59.980194091796875
2025-04-02,288.1600036621094,90.20305633544922,472.8434143066406,555.3088989257812,60.13428497314453
2025-04-03,286.4200134277344,91.13054656982422,447.5304260253906,527.9426879882812,58.93044662475586
2025-04-04,279.7200012207031,91.38607025146484,419.73486328125,497.0354309082031,55.32855224609375
2025-04-07,273.7099914550781,90.29771423339844,420.7477722167969,496.1501770019531,53.82615661621094
2025-04-08,275.20001220703125,89.84342956542969,413.1707458496094,488.3790588378906,53.48908233642578
2025-04-09,285.3800048828125,89.55950164794922,462.763916015625,539.6682739257812,57.30284881591797
2025-04-10,292.3500061035156,89.0011215209961,443.0815734863281,516.0205688476562,56.272361755371094
2025-04-11,297.92999267578125,88.49951171875,451.2444763183594,525.2278442382812,57.81327819824219
2025-04-14,296.2300109863281,89.20931243896484,454.3031311035156,530.3232421875,58.44890594482422
2025-04-15,297.7799987792969,89.47431182861328,454.80950927734375,528.8378295898438,58.766719818115234
2025-04-16,307.4700012207031,89.86234283447266,441.095458984375,517.0828857421875,58.45854187011719
2025-04-17,306.1199951171875,89.60681915283203,441.01605224609375,517.8206176757812,59.055641174316406
2025-04-21,315.5899963378906,89.12413787841797,430.102294921875,505.4951171875,58.84376525878906
2025-04-22,311.1099853515625,89.19039916992188,441.3934020996094,518.6469116210938,59.93204116821289
2025-04-23,303.6499938964844,89.28502655029297,451.4033508300781,526.6836547851562,60.201698303222656
2025-04-24,308.07000732421875,89.76770782470703,464.1045837402344,537.769775390625,60.972164154052734
2025-04-25,304.7300109863281,90.10842895507812,469.27838134765625,541.6553344726562,61.02031326293945
2025-04-28,309.07000732421875,90.4680404663086,469.1294250488281,541.86181640625,61.37664794921875
2025-04-29,306.05999755859375,90.78036499023438,472.2277526855469,545.2752685546875,61.569271087646484
2025-04-30,303.7699890136719,90.92232513427734,472.1681823730469,545.49169921875,61.50185012817383
2025-05-01,297.4599914550781,90.5263900756836,478.33502197265625,549.3574829101562,61.34775924682617
2025-05-02,297.9800109863281,89.91868591308594,485.43536376953125,557.5123291015625,62.62864685058594
2025-05-05,306.8800048828125,89.75728607177734,482.5555114746094,554.3152465820312,62.85978317260742
2025-05-06,315.4800109863281,89.98516845703125,478.06689453125,549.68212890625,62.753849029541016
2025-05-07,310.75,90.2225341796875,479.9438171386719,551.9938354492188,62.387874603271484
2025-05-08,304.6300048828125,89.5199203491211,484.899169921875,555.8399658203125,62.224151611328125
2025-05-09,306.8399963378906,89.58638000488281,484.58135986328125,555.1317749023438,62.570865631103516
2025-05-12,298.19000244140625,89.01667022705078,504.3233337402344,573.4774780273438,63.18722915649414
2025-05-13,299.4599914550781,88.9501953125,512.0095825195312,577.2646484375,63.31242752075195
2025-05-14,293.1600036621094,88.61787414550781,515.0780639648438,578.00244140625,63.26427459716797
2025-05-15,297.8399963378906,89.19706726074219,515.6441040039062,580.8255615234375,63.76506805419922
2025-05-16,294.239990234375,89.2255630493164,517.888427734375,584.5045166015625,63.84211349487305
2025-05-19,298.0299987792969,89.17807006835938,518.385009765625,585.1439208984375,64.27550506591797
2025-05-20,303.5799865722656,89.06414794921875,516.6570434570312,583.176513671875,64.47774505615234
2025-05-21,305.82000732421875,88.44696807861328,509.4772644042969,573.349609375,64.17919921875
2025-05-22,303.1099853515625,88.77928161621094,510.4306335449219,573.5758666992188,64.07324981689453
2025-05-23,309.75,89.03565979003906,505.70367431640625,569.6607666015625,64.2851333618164
2025-05-27,304.5,89.40597534179688,517.6004638671875,581.5043334960938,64.91112518310547
2025-05-28,303.80999755859375,89.15910339355469,515.3065185546875,578.14013671875,64.3525390625
2025-05-29,305.6099853515625,89.5294189453125,516.3193359375,580.4222412109375,64.6318359375
2025-05-30,303.6000061035156,89.79528045654297,515.5050659179688,579.7731323242188,64.46812438964844
2025-06-02,311.6700134277344,89.49041748046875,519.57666015625,583.0389404296875,65.13263702392578
2025-06-03,308.9100036621094,89.40469360351562,523.63818359375,586.3636474609375,64.8148193359375
2025-06-04,310.8999938964844,90.06201171875,525.0980834960938,586.206298828125,65.23857116699219
2025-06-05,309.3299865722656,89.79528045654297,521.1456298828125,583.373291015625,65.32525634765625
2025-06-06,305.17999267578125,89.08080291748047,526.2399291992188,589.3639526367188,65.49860382080078
2025-06-09,306.6199951171875,89.24274444580078,527.0145874023438,589.8951416015625,65.65270233154297
2025-06-10,306.7099914550781,89.3951644897461,530.500244140625,593.23974609375,65.8934555053711
2025-06-11,308.3699951171875,89.76669311523438,528.7127075195312,591.5477294921875,65.95124816894531
2025-06-12,312.20001220703125,90.15727233886719,529.9541015625,593.8988037109375,66.31722259521484
2025-06-13,316.2900085449219,89.82386779785156,523.3005981445312,587.2588500976562,65.43119812011719
2025-06-16,311.7799987792969,89.566650390625,530.5797119140625,592.84619140625,65.86457061767578
2025-06-17,311.94000244140625,90.00483703613281,525.4059448242188,587.7802734375,65.05559539794922
2025-06-18,310.260009765625,90.06201171875,525.3165283203125,587.6917114257812,65.13263702392578
2025-06-20,310.1300048828125,90.11917877197266,523.1715698242188,586.3115234375,64.6136703491211
2025-06-23,311.0799865722656,90.43354797363281,528.551025390625,592.1027221679688,65.10838317871094
2025-06-24,306.19000244140625,90.74790954589844,536.6336059570312,598.6438598632812,66.09782409667969
2025-06-25,307.1199951171875,90.78601837158203,538.0054931640625,598.9793090820312,65.92321014404297
2025-06-26,306.7799987792969,91.1098861694336,543.0360107421875,603.6655883789062,66.57311248779297
2025-06-27,301.2200012207031,90.8717269897461,544.8951416015625,606.6648559570312,66.8447494506836
2025-06-30,304.8299865722656,91.23372650146484,548.4244384765625,609.5653076171875,67.01933288574219
2025-07-01,307.54998779296875,91.0645751953125,543.801513671875,609.3681030273438,67.03875732421875
2025-07-02,309.25,90.87344360351562,547.5892333984375,612.130615234375,67.25215148925781
2025-07-03,307.1400146484375,90.55809783935547,552.9777221679688,616.9550170898438,67.4073486328125
2025-07-07,307.3699951171875,90.27140045166016,548.8121337890625,612.3573608398438,66.57311248779297
2025-07-08,304.1600036621094,90.13761901855469,549.1204223632812,612.0220336914062,66.99994659423828
2025-07-09,305.5199890136719,90.60587310791016,553.0076293945312,615.692138671875,67.30064392089844
2025-07-10,306.20001220703125,90.55809783935547,552.2122802734375,617.428466796875,67.39765930175781
2025-07-11,309.1400146484375,90.13761901855469,550.9695434570312,615.258056640625,66.93203735351562
2025-07-14,308.010009765625,90.09937286376953,552.9678344726562,616.4320678710938,66.99994659423828
2025-07-15,306.7300109863281,89.74578857421875,553.4747924804688,613.7979125976562,66.67013549804688
2025-07-16,308.260009765625,89.9942398071289,554.04150390625,615.8499755859375,66.96114349365234
2025-07-17,307.5899963378906,89.96558380126953,558.5252685546875,619.6187133789062,67.20365142822266
2025-07-18,308.3900146484375,90.21404266357422,557.9884033203125,619.1649780273438,67.03875732421875
2025-07-21,313.1300048828125,90.52943420410156,560.8814086914062,620.3389892578125,67.44615936279297
2025-07-22,316.1000061035156,90.78744506835938,557.9784545898438,620.4277954101562,67.72746276855469
2025-07-23,312.17999267578125,90.46253204345703,560.5234985351562,625.7060546875,68.93999481201172
2025-07-24,310.2699890136719,90.3287353515625,561.716552734375,625.9132080078125,68.47438049316406
2025-07-25,307.3999938964844,90.53897857666016,563.068603515625,628.5572509765625,68.36769104003906
2025-07-28,305.4100036621094,90.33828735351562,564.8283081054688,628.3994140625,67.48495483398438
2025-07-29,306.25,90.93080139160156,563.953369140625,626.7420043945312,67.44615936279297
2025-07-30,300.9599914550781,90.61544036865234,564.708984375,625.9526977539062,66.96114349365234
2025-07-31,302.9599914550781,90.69188690185547,561.716552734375,623.6046142578125,66.41793060302734
2025-08-01,309.1099853515625,91.73600006103516,550.6514282226562,613.3833618164062,66.19480895996094
2025-08-04,310.9100036621094,91.86063385009766,560.811767578125,622.706787109375,67.00965118408203
2025-08-05,311.1600036621094,91.79351806640625,557.004150390625,619.5496826171875,67.18424987792969
2025-08-06,310.5,91.72640991210938,564.0130615234375,624.2952270507812,67.62075805664062
2025-08-07,313.1199951171875,91.65929412841797,565.9219360351562,623.7723388671875,68.10578155517578
2025-08-08,313.04998779296875,91.44837188720703,571.2008666992188,628.6361694335938,68.32889556884766
2025-08-11,308.54998779296875,91.47713470458984,569.5108032226562,627.39306640625,68.11547088623047
2025-08-12,308.2699890136719,91.45793151855469,576.6688842773438,634.072265625,68.87210845947266
2025-08-13,309.2099914550781,91.78392791748047,576.9571533203125,636.2428588867188,69.31830596923828
2025-08-14,307.25,91.48670196533203,576.509765625,636.3020629882812,69.00790405273438
2025-08-15,307.42999267578125,91.30455780029297,573.9746704101562,634.8121948242188,69.31830596923828
2025-08-18,306.95001220703125,91.21826934814453,573.7459716796875,634.6741943359375,69.41531372070312
2025-08-19,305.2699890136719,91.44837188720703,565.961669921875,631.2308959960938,69.23101043701172
2025-08-20,308.3599853515625,91.58258819580078,562.601318359375,629.5537109375,69.31830596923828
2025-08-21,307.2900085449219,91.31412506103516,559.99658203125,627.0281372070312,69.05640411376953
2025-08-22,310.5799865722656,91.8222885131836,568.6359252929688,636.6572265625,70.18163299560547
2025-08-25,309.8299865722656,91.64012145996094,566.9955444335938,633.855224609375,69.50261688232422
2025-08-26,312.0799865722656,91.87982177734375,569.272216796875,636.5091552734375,69.46382904052734
2025-08-27,312.7099914550781,92.05240631103516,570.14697265625,637.9595336914062,69.2601089477539
2025-08-28,315.0299987792969,92.26333618164062,573.7161865234375,640.21875,69.54141998291016
2025-08-29,318.07000732421875,92.18663787841797,567.0751342773438,636.400634765625,69.23101043701172
2025-09-02,325.5899963378906,91.91152954101562,562.3229370117188,631.684814453125,68.74600219726562
2025-09-03,328.1400146484375,92.22894287109375,566.7470703125,635.1082153320312,68.89149475097656
2025-09-04,326.69000244140625,92.642578125,571.876953125,640.4161987304688,69.17280578613281
2025-09-05,331.04998779296875,93.09468078613281,572.7020874023438,638.561279296875,69.62872314453125
2025-09-08,334.82000732421875,93.38326263427734,575.4957275390625,640.1300048828125,70.29804992675781
2025-09-09,334.05999755859375,93.1620101928711,577.1261596679688,641.60986328125,70.21073913574219
2025-09-10,335.260009765625,93.41210174560547,577.3150634765625,643.464599609375,70.33685302734375
2025-09-11,334.760009765625,93.556396484375,580.6754150390625,648.81201171875,71.13227081298828
2025-09-12,335.4200134277344,93.28705596923828,583.2403564453125,648.5948486328125,70.89945983886719
2025-09-15,338.9100036621094,93.44096374511719,588.2310791015625,652.0479736328125,71.45237731933594
2025-09-16,339.5899963378906,93.4986801147461,587.7340087890625,651.1502075195312,71.51057434082031
2025-09-17,336.9700012207031,93.29667663574219,586.5608520507812,650.3412475585938,71.46208190917969
2025-09-18,335.6199951171875,92.9888687133789,591.849853515625,653.3798828125,71.5202865600586
2025-09-19,339.17999267578125,92.95040130615234,595.8562622070312,656.6160278320312,71.2765884399414
2025-09-22,345.04998779296875,92.7964859008789,599.3837890625,659.7224731445312,71.58851623535156
2025-09-23,346.4599914550781,93.05619049072266,595.4025268554688,656.1312866210938,71.49103546142578
2025-09-24,343.32000732421875,92.80609893798828,593.3123168945312,654.043701171875,71.0718765258789
2025-09-25,344.75,92.6041030883789,590.75439453125,651.0263061523438,70.66246032714844
2025-09-26,346.739990234375,92.5560073852539,593.1829223632812,654.756103515625,70.91590881347656
2025-09-29,352.4599914550781,92.82534790039062,595.9300537109375,656.5962524414062,71.29608154296875
2025-09-30,355.4700012207031,92.786865234375,597.5623168945312,659.0695190429688,71.60801696777344
2025-10-01,356.0299987792969,93.09947967529297,600.4288940429688,661.3153686523438,72.10515594482422
2025-10-02,354.7900085449219,93.19595336914062,602.897216796875,662.0769653320312,72.24161529541016
2025-10-03,357.6400146484375,93.01264953613281,600.3591918945312,662.0671997070312,72.77776336669922
2025-10-06,364.3800048828125,92.74246978759766,604.8680419921875,664.4415893554688,72.93373107910156
2025-10-07,366.260009765625,92.97405242919922,601.6829833984375,661.9781494140625,72.36833953857422
2025-10-08,372.29998779296875,92.99334716796875,608.5805053710938,665.925537109375,72.65104675292969
2025-10-09,365.42999267578125,92.92579650878906,607.8441162109375,663.9963989257812,72.01742553710938
2025-10-10,369.1199951171875,93.50473022460938,586.7432250976562,646.0499877929688,70.35053253173828
2025-10-13,378.0899963378906,93.55297088623047,599.1947021484375,655.9630126953125,71.42279815673828
2025-10-14,380.7900085449219,93.79417419433594,595.2034301757812,655.1616821289062,71.43255615234375
2025-10-15,387.3900146484375,93.68804931640625,599.4036254882812,658.0702514648438,72.0564193725586
2025-10-16,396.45001220703125,94.12224578857422,597.18408203125,653.5886840820312,72.37809753417969
2025-10-17,388.989990234375,93.96784973144531,601.1056518554688,657.2986450195312,72.32935333251953
2025-10-20,403.1499938964844,94.09329223632812,608.6800537109375,664.1348266601562,73.04094696044922
2025-10-21,377.239990234375,94.2669677734375,608.5208740234375,664.1249389648438,72.3488540649414
2025-10-22,377.2799987792969,94.28626251220703,602.6583862304688,660.6721801757812,72.40734100341797
2025-10-23,378.7900085449219,93.97750854492188,607.724609375,664.5899658203125,72.82649993896484
2025-10-24,377.5199890136719,94.06433868408203,614.214111328125,670.0213623046875,73.06045532226562
2025-10-27,367.010009765625,94.06433868408203,625.1527099609375,677.926025390625,73.61607360839844
2025-10-28,364.3800048828125,94.15118408203125,629.9601440429688,679.7266845703125,73.60633087158203
2025-10-29,363.0,93.54329681396484,632.7967529296875,680.0531616210938,73.38212585449219
2025-10-30,370.1300048828125,93.4082260131836,623.1222534179688,672.5738525390625,72.9239730834961
2025-10-31,368.1199951171875,93.44683074951172,626.1281127929688,674.780029296875,72.74850463867188
2025-11-03,368.7799987792969,93.4023208618164,629.1240844726562,676.04638671875,72.95321655273438
2025-11-04,362.32000732421875,93.5184555053711,616.3540649414062,668.0328369140625,71.98817443847656
2025-11-05,366.510009765625,93.07323455810547,620.365234375,670.347900390625,72.47557830810547
2025-11-06,366.07000732421875,93.54749298095703,608.8094482421875,663.1554565429688,72.19288635253906
2025-11-07,368.30999755859375,93.58621215820312,606.8884887695312,663.808349609375,72.32935333251953
2025-11-10,378.3800048828125,93.46037292480469,620.3154296875,674.1666259765625,73.23590850830078
2025-11-11,379.8699951171875,93.75076293945312,618.6631469726562,675.7099609375,73.6258316040039
2025-11-12,385.989990234375,93.77009582519531,618.1754760742188,676.0859375,73.90851593017578
2025-11-13,382.8699951171875,93.49910736083984,605.5548095703125,664.866943359375,73.09943389892578
2025-11-14,375.9599914550781,93.34423828125,606.0125732421875,664.7581787109375,73.04094696044922
2025-11-17,371.6499938964844,93.4507064819336,600.8369140625,658.56494140625,72.13440704345703
2025-11-18,374.3500061035156,93.60556030273438,593.5213012695312,653.03466796875,71.50077819824219
2025-11-19,374.9599914550781,93.5378189086914,597.0646362304688,655.5574340820312,71.31558227539062
2025-11-20,374.8500061035156,93.76043701171875,582.9310302734375,645.5652465820312,70.37002563476562
2025-11-21,374.2699890136719,94.0701675415039,587.310546875,651.995849609375,71.08162689208984
2025-11-24,380.20001220703125,94.21533966064453,602.3298950195312,661.59228515625,71.38381958007812
2025-11-25,380.0799865722656,94.45730590820312,606.0425415039062,667.815185546875,72.04666900634766
2025-11-26,383.1199951171875,94.53474426269531,611.3973999023438,672.4254150390625,72.72901916503906
2025-11-28,387.8800048828125,94.37020111083984,616.3540649414062,676.0958251953125,73.05070495605469
2025-12-01,389.75,93.86347198486328,614.2838134765625,673.0091552734375,72.76802062988281
2025-12-02,387.239990234375,93.94113159179688,619.0911865234375,674.2556762695312,72.8849868774414
2025-12-03,386.8800048828125,94.13529205322266,620.6040649414062,676.5905151367188,73.17742919921875
2025-12-04,387.1300048828125,93.84405517578125,620.0267944335938,677.085205078125,73.3333969116211
2025-12-05,386.44000244140625,93.64989471435547,622.554931640625,678.3712158203125,73.47960662841797
2025-12-08,385.4200134277344,93.45574951171875,621.3605346679688,676.3333129882812,73.32363891601562
2025-12-09,387.3999938964844,93.3198471069336,622.126953125,675.74951171875,73.22616577148438
2025-12-10,389.04998779296875,93.62076568603516,624.6749267578125,680.231201171875,74.0157470703125
2025-12-11,393.239990234375,93.63047790527344,622.6544799804688,681.8140869140625,74.210693359375
2025-12-12,395.44000244140625,93.37808990478516,610.7503662109375,674.4832153320312,73.70380401611328
2025-12-15,395.79998779296875,93.45574951171875,607.6847534179688,673.4641723632812,73.95726013183594
2025-12-16,395.8900146484375,93.71784973144531,608.88916015625,671.6240844726562,73.5575942993164
2025-12-17,399.2900085449219,93.69842529296875,597.6021118164062,664.2338256835938,73.0701904296875
2025-12-18,398.57000732421875,93.94113159179688,606.2614135742188,669.2495727539062,73.66481018066406
2025-12-19,399.0199890136719,93.72978210449219,614.164306640625,675.3153686523438,74.12443542480469
2025-12-22,408.2300109863281,93.63239288330078,617.1083374023438,679.5224609375,74.54136657714844
2025-12-23,413.6400146484375,93.59342956542969,619.9984741210938,682.6282348632812,74.99800872802734
2025-12-24,411.92999267578125,93.8369140625,621.812255859375,685.0294799804688,75.05757141113281
2025-12-26,416.739990234375,93.92456817626953,621.7724609375,684.9600219726562,75.29580688476562
2025-12-29,398.6000061035156,94.06092071533203,618.7626342773438,682.51904296875,75.05757141113281
2025-12-30,398.8900146484375,93.9635238647461,617.3275756835938,681.685546875,75.20646667480469
2025-12-31,396.30999755859375,93.6518783569336,612.2249145507812,676.635009765625,74.8888168334961
